{
  "episodios_totais": 3000,
  "configuracao": {
    "agente_x": {
      "alpha": 0.5,
      "gamma": 0.9,
      "epsilon_inicial": 1.0,
      "epsilon_final": 0.22304647413401948
    },
    "agente_o": {
      "alpha": 0.5,
      "gamma": 0.9,
      "epsilon_inicial": 1.0,
      "epsilon_final": 0.22304647413401948
    }
  },
  "resultados": {
    "agente_x": {
      "episodios": 3000,
      "estados_conhecidos": 2096,
      "vitorias": 1657,
      "derrotas": 916,
      "empates": 427,
      "taxa_vitoria": 0.5523333333333333,
      "taxa_empate": 0.14233333333333334,
      "taxa_derrota": 0.30533333333333335,
      "epsilon_atual": 0.22304647413401948,
      "jogador": "X"
    },
    "agente_o": {
      "episodios": 3000,
      "estados_conhecidos": 1802,
      "vitorias": 916,
      "derrotas": 1657,
      "empates": 427,
      "taxa_vitoria": 0.30533333333333335,
      "taxa_empate": 0.14233333333333334,
      "taxa_derrota": 0.5523333333333333,
      "epsilon_atual": 0.22304647413401948,
      "jogador": "O"
    }
  },
  "historico": {
    "vitorias_x": [
      544,
      571,
      542
    ],
    "vitorias_o": [
      336,
      293,
      287
    ],
    "empates": [
      120,
      136,
      171
    ],
    "epsilon_x": [
      0.606454822840097,
      0.3677874521460121,
      0.22304647413401948
    ],
    "epsilon_o": [
      0.606454822840097,
      0.3677874521460121,
      0.22304647413401948
    ]
  }
}