{
  "episodios_totais": 10000,
  "configuracao": {
    "agente_x": {
      "alpha": 0.5,
      "gamma": 0.9,
      "epsilon_inicial": 1.0,
      "epsilon_final": 0.01
    },
    "agente_o": {
      "alpha": 0.5,
      "gamma": 0.9,
      "epsilon_inicial": 1.0,
      "epsilon_final": 0.01
    }
  },
  "resultados": {
    "agente_x": {
      "episodios": 10000,
      "estados_conhecidos": 2268,
      "vitorias": 2984,
      "derrotas": 1608,
      "empates": 5408,
      "taxa_vitoria": 0.2984,
      "taxa_empate": 0.5408,
      "taxa_derrota": 0.1608,
      "epsilon_atual": 0.01,
      "jogador": "X"
    },
    "agente_o": {
      "episodios": 10000,
      "estados_conhecidos": 1948,
      "vitorias": 1608,
      "derrotas": 2984,
      "empates": 5408,
      "taxa_vitoria": 0.1608,
      "taxa_empate": 0.5408,
      "taxa_derrota": 0.2984,
      "epsilon_atual": 0.01,
      "jogador": "O"
    }
  },
  "historico": {
    "vitorias_x": [
      598,
      562,
      506,
      435,
      363,
      256,
      93,
      77,
      57,
      37
    ],
    "vitorias_o": [
      280,
      317,
      335,
      242,
      181,
      91,
      83,
      32,
      30,
      17
    ],
    "empates": [
      122,
      121,
      159,
      323,
      456,
      653,
      824,
      891,
      913,
      946
    ],
    "epsilon_x": [
      0.606454822840097,
      0.3677874521460121,
      0.22304647413401948,
      0.13526760995605422,
      0.0820336944319021,
      0.04974972962361759,
      0.03017096346523357,
      0.018297326303223154,
      0.011096501781668586,
      0.01
    ],
    "epsilon_o": [
      0.606454822840097,
      0.3677874521460121,
      0.22304647413401948,
      0.13526760995605422,
      0.0820336944319021,
      0.04974972962361759,
      0.03017096346523357,
      0.018297326303223154,
      0.011096501781668586,
      0.01
    ]
  }
}