{
  "episodios_totais": 20000,
  "configuracao": {
    "agente_x": {
      "alpha": 0.5,
      "gamma": 0.9,
      "epsilon_inicial": 1.0,
      "epsilon_final": 0.01
    },
    "agente_o": {
      "alpha": 0.5,
      "gamma": 0.9,
      "epsilon_inicial": 1.0,
      "epsilon_final": 0.01
    }
  },
  "resultados": {
    "agente_x": {
      "episodios": 20000,
      "estados_conhecidos": 2286,
      "vitorias": 3276,
      "derrotas": 1626,
      "empates": 15098,
      "taxa_vitoria": 0.1638,
      "taxa_empate": 0.7549,
      "taxa_derrota": 0.0813,
      "epsilon_atual": 0.01,
      "jogador": "X"
    },
    "agente_o": {
      "episodios": 20000,
      "estados_conhecidos": 1941,
      "vitorias": 1626,
      "derrotas": 3276,
      "empates": 15098,
      "taxa_vitoria": 0.0813,
      "taxa_empate": 0.7549,
      "taxa_derrota": 0.1638,
      "epsilon_atual": 0.01,
      "jogador": "O"
    }
  },
  "historico": {
    "vitorias_x": [
      565,
      555,
      549,
      507,
      326,
      213,
      114,
      85,
      38,
      19,
      33,
      41,
      29,
      34,
      37,
      24,
      26,
      27,
      26,
      28
    ],
    "vitorias_o": [
      311,
      307,
      278,
      213,
      157,
      92,
      64,
      36,
      25,
      8,
      6,
      12,
      21,
      15,
      16,
      10,
      15,
      19,
      12,
      9
    ],
    "empates": [
      124,
      138,
      173,
      280,
      517,
      695,
      822,
      879,
      937,
      973,
      961,
      947,
      950,
      951,
      947,
      966,
      959,
      954,
      962,
      963
    ],
    "epsilon_x": [
      0.606454822840097,
      0.3677874521460121,
      0.22304647413401948,
      0.13526760995605422,
      0.0820336944319021,
      0.04974972962361759,
      0.03017096346523357,
      0.018297326303223154,
      0.011096501781668586,
      0.01,
      0.01,
      0.01,
      0.01,
      0.01,
      0.01,
      0.01,
      0.01,
      0.01,
      0.01,
      0.01
    ],
    "epsilon_o": [
      0.606454822840097,
      0.3677874521460121,
      0.22304647413401948,
      0.13526760995605422,
      0.0820336944319021,
      0.04974972962361759,
      0.03017096346523357,
      0.018297326303223154,
      0.011096501781668586,
      0.01,
      0.01,
      0.01,
      0.01,
      0.01,
      0.01,
      0.01,
      0.01,
      0.01,
      0.01,
      0.01
    ]
  }
}