{
  "episodios_totais": 4000,
  "configuracao": {
    "agente_x": {
      "alpha": 0.5,
      "gamma": 0.9,
      "epsilon_inicial": 1.0,
      "epsilon_final": 0.13526760995605422
    },
    "agente_o": {
      "alpha": 0.5,
      "gamma": 0.9,
      "epsilon_inicial": 1.0,
      "epsilon_final": 0.13526760995605422
    }
  },
  "resultados": {
    "agente_x": {
      "episodios": 4000,
      "estados_conhecidos": 2180,
      "vitorias": 2250,
      "derrotas": 1050,
      "empates": 700,
      "taxa_vitoria": 0.5625,
      "taxa_empate": 0.175,
      "taxa_derrota": 0.2625,
      "epsilon_atual": 0.13526760995605422,
      "jogador": "X"
    },
    "agente_o": {
      "episodios": 4000,
      "estados_conhecidos": 1884,
      "vitorias": 1050,
      "derrotas": 2250,
      "empates": 700,
      "taxa_vitoria": 0.2625,
      "taxa_empate": 0.175,
      "taxa_derrota": 0.5625,
      "epsilon_atual": 0.13526760995605422,
      "jogador": "O"
    }
  },
  "historico": {
    "vitorias_x": [
      601,
      575,
      571,
      503
    ],
    "vitorias_o": [
      279,
      322,
      264,
      185
    ],
    "empates": [
      120,
      103,
      165,
      312
    ],
    "epsilon_x": [
      0.606454822840097,
      0.3677874521460121,
      0.22304647413401948,
      0.13526760995605422
    ],
    "epsilon_o": [
      0.606454822840097,
      0.3677874521460121,
      0.22304647413401948,
      0.13526760995605422
    ]
  }
}