{
  "episodios_totais": 5000,
  "configuracao": {
    "agente_x": {
      "alpha": 0.5,
      "gamma": 0.9,
      "epsilon_inicial": 1.0,
      "epsilon_final": 0.0820336944319021
    },
    "agente_o": {
      "alpha": 0.5,
      "gamma": 0.9,
      "epsilon_inicial": 1.0,
      "epsilon_final": 0.0820336944319021
    }
  },
  "resultados": {
    "agente_x": {
      "episodios": 5000,
      "estados_conhecidos": 2235,
      "vitorias": 2494,
      "derrotas": 1220,
      "empates": 1286,
      "taxa_vitoria": 0.4988,
      "taxa_empate": 0.2572,
      "taxa_derrota": 0.244,
      "epsilon_atual": 0.0820336944319021,
      "jogador": "X"
    },
    "agente_o": {
      "episodios": 5000,
      "estados_conhecidos": 1901,
      "vitorias": 1220,
      "derrotas": 2494,
      "empates": 1286,
      "taxa_vitoria": 0.244,
      "taxa_empate": 0.2572,
      "taxa_derrota": 0.4988,
      "epsilon_atual": 0.0820336944319021,
      "jogador": "O"
    }
  },
  "historico": {
    "vitorias_x": [
      573,
      547,
      563,
      481,
      330
    ],
    "vitorias_o": [
      305,
      314,
      248,
      195,
      158
    ],
    "empates": [
      122,
      139,
      189,
      324,
      512
    ],
    "epsilon_x": [
      0.606454822840097,
      0.3677874521460121,
      0.22304647413401948,
      0.13526760995605422,
      0.0820336944319021
    ],
    "epsilon_o": [
      0.606454822840097,
      0.3677874521460121,
      0.22304647413401948,
      0.13526760995605422,
      0.0820336944319021
    ]
  }
}