{
  "episodios_totais": 10000,
  "configuracao": {
    "agente_x": {
      "alpha": 0.5,
      "gamma": 0.9,
      "epsilon_inicial": 1.0,
      "epsilon_final": 0.01
    },
    "agente_o": {
      "alpha": 0.5,
      "gamma": 0.9,
      "epsilon_inicial": 1.0,
      "epsilon_final": 0.01
    }
  },
  "resultados": {
    "agente_x": {
      "episodios": 10000,
      "estados_conhecidos": 2280,
      "vitorias": 3080,
      "derrotas": 1525,
      "empates": 5395,
      "taxa_vitoria": 0.308,
      "taxa_empate": 0.5395,
      "taxa_derrota": 0.1525,
      "epsilon_atual": 0.01,
      "jogador": "X"
    },
    "agente_o": {
      "episodios": 10000,
      "estados_conhecidos": 1962,
      "vitorias": 1525,
      "derrotas": 3080,
      "empates": 5395,
      "taxa_vitoria": 0.1525,
      "taxa_empate": 0.5395,
      "taxa_derrota": 0.308,
      "epsilon_atual": 0.01,
      "jogador": "O"
    }
  },
  "historico": {
    "vitorias_x": [
      613,
      531,
      522,
      489,
      378,
      256,
      105,
      74,
      62,
      50
    ],
    "vitorias_o": [
      271,
      323,
      308,
      215,
      148,
      73,
      83,
      38,
      46,
      20
    ],
    "empates": [
      116,
      146,
      170,
      296,
      474,
      671,
      812,
      888,
      892,
      930
    ],
    "epsilon_x": [
      0.606454822840097,
      0.3677874521460121,
      0.22304647413401948,
      0.13526760995605422,
      0.0820336944319021,
      0.04974972962361759,
      0.03017096346523357,
      0.018297326303223154,
      0.011096501781668586,
      0.01
    ],
    "epsilon_o": [
      0.606454822840097,
      0.3677874521460121,
      0.22304647413401948,
      0.13526760995605422,
      0.0820336944319021,
      0.04974972962361759,
      0.03017096346523357,
      0.018297326303223154,
      0.011096501781668586,
      0.01
    ]
  }
}