{
  "episodios_totais": 10000,
  "configuracao": {
    "agente_x": {
      "alpha": 0.5,
      "gamma": 0.9,
      "epsilon_inicial": 1.0,
      "epsilon_final": 0.01
    },
    "agente_o": {
      "alpha": 0.5,
      "gamma": 0.9,
      "epsilon_inicial": 1.0,
      "epsilon_final": 0.01
    }
  },
  "resultados": {
    "agente_x": {
      "episodios": 10000,
      "estados_conhecidos": 2277,
      "vitorias": 3702,
      "derrotas": 1497,
      "empates": 4801,
      "taxa_vitoria": 0.3702,
      "taxa_empate": 0.4801,
      "taxa_derrota": 0.1497,
      "epsilon_atual": 0.01,
      "jogador": "X"
    },
    "agente_o": {
      "episodios": 10000,
      "estados_conhecidos": 1955,
      "vitorias": 1497,
      "derrotas": 3702,
      "empates": 4801,
      "taxa_vitoria": 0.1497,
      "taxa_empate": 0.4801,
      "taxa_derrota": 0.3702,
      "epsilon_atual": 0.01,
      "jogador": "O"
    }
  },
  "historico": {
    "vitorias_x": [
      597,
      555,
      517,
      503,
      342,
      261,
      434,
      425,
      35,
      33
    ],
    "vitorias_o": [
      278,
      330,
      296,
      223,
      151,
      92,
      44,
      24,
      37,
      22
    ],
    "empates": [
      125,
      115,
      187,
      274,
      507,
      647,
      522,
      551,
      928,
      945
    ],
    "epsilon_x": [
      0.606454822840097,
      0.3677874521460121,
      0.22304647413401948,
      0.13526760995605422,
      0.0820336944319021,
      0.04974972962361759,
      0.03017096346523357,
      0.018297326303223154,
      0.011096501781668586,
      0.01
    ],
    "epsilon_o": [
      0.606454822840097,
      0.3677874521460121,
      0.22304647413401948,
      0.13526760995605422,
      0.0820336944319021,
      0.04974972962361759,
      0.03017096346523357,
      0.018297326303223154,
      0.011096501781668586,
      0.01
    ]
  }
}