{
  "episodios_totais": 50000,
  "configuracao": {
    "agente_x": {
      "alpha": 0.5,
      "gamma": 0.9,
      "epsilon_inicial": 1.0,
      "epsilon_final": 0.01
    },
    "agente_o": {
      "alpha": 0.5,
      "gamma": 0.9,
      "epsilon_inicial": 1.0,
      "epsilon_final": 0.01
    }
  },
  "resultados": {
    "agente_x": {
      "episodios": 50000,
      "estados_conhecidos": 2306,
      "vitorias": 4463,
      "derrotas": 2074,
      "empates": 43463,
      "taxa_vitoria": 0.08926,
      "taxa_empate": 0.86926,
      "taxa_derrota": 0.04148,
      "epsilon_atual": 0.01,
      "jogador": "X"
    },
    "agente_o": {
      "episodios": 50000,
      "estados_conhecidos": 1982,
      "vitorias": 2074,
      "derrotas": 4463,
      "empates": 43463,
      "taxa_vitoria": 0.04148,
      "taxa_empate": 0.86926,
      "taxa_derrota": 0.08926,
      "epsilon_atual": 0.01,
      "jogador": "O"
    }
  },
  "historico": {
    "vitorias_x": [
      586,
      558,
      572,
      446,
      342,
      218,
      174,
      77,
      43,
      22,
      23,
      154,
      253,
      18,
      23,
      30,
      33,
      33,
      31,
      21,
      22,
      29,
      32,
      21,
      28,
      29,
      23,
      25,
      28,
      37,
      24,
      29,
      24,
      27,
      23,
      40,
      23,
      30,
      23,
      21,
      30,
      24,
      27,
      26,
      19,
      30,
      25,
      29,
      29,
      29
    ],
    "vitorias_o": [
      272,
      304,
      279,
      274,
      204,
      120,
      70,
      25,
      23,
      16,
      13,
      10,
      20,
      12,
      15,
      9,
      18,
      14,
      2,
      13,
      16,
      11,
      14,
      15,
      5,
      12,
      15,
      10,
      6,
      7,
      20,
      11,
      13,
      11,
      12,
      15,
      16,
      16,
      7,
      12,
      11,
      19,
      3,
      16,
      6,
      13,
      19,
      11,
      9,
      10
    ],
    "empates": [
      142,
      138,
      149,
      280,
      454,
      662,
      756,
      898,
      934,
      962,
      964,
      836,
      727,
      970,
      962,
      961,
      949,
      953,
      967,
      966,
      962,
      960,
      954,
      964,
      967,
      959,
      962,
      965,
      966,
      956,
      956,
      960,
      963,
      962,
      965,
      945,
      961,
      954,
      970,
      967,
      959,
      957,
      970,
      958,
      975,
      957,
      956,
      960,
      962,
      961
    ],
    "epsilon_x": [
      0.606454822840097,
      0.3677874521460121,
      0.22304647413401948,
      0.13526760995605422,
      0.0820336944319021,
      0.04974972962361759,
      0.03017096346523357,
      0.018297326303223154,
      0.011096501781668586,
      0.01,
      0.01,
      0.01,
      0.01,
      0.01,
      0.01,
      0.01,
      0.01,
      0.01,
      0.01,
      0.01,
      0.01,
      0.01,
      0.01,
      0.01,
      0.01,
      0.01,
      0.01,
      0.01,
      0.01,
      0.01,
      0.01,
      0.01,
      0.01,
      0.01,
      0.01,
      0.01,
      0.01,
      0.01,
      0.01,
      0.01,
      0.01,
      0.01,
      0.01,
      0.01,
      0.01,
      0.01,
      0.01,
      0.01,
      0.01,
      0.01
    ],
    "epsilon_o": [
      0.606454822840097,
      0.3677874521460121,
      0.22304647413401948,
      0.13526760995605422,
      0.0820336944319021,
      0.04974972962361759,
      0.03017096346523357,
      0.018297326303223154,
      0.011096501781668586,
      0.01,
      0.01,
      0.01,
      0.01,
      0.01,
      0.01,
      0.01,
      0.01,
      0.01,
      0.01,
      0.01,
      0.01,
      0.01,
      0.01,
      0.01,
      0.01,
      0.01,
      0.01,
      0.01,
      0.01,
      0.01,
      0.01,
      0.01,
      0.01,
      0.01,
      0.01,
      0.01,
      0.01,
      0.01,
      0.01,
      0.01,
      0.01,
      0.01,
      0.01,
      0.01,
      0.01,
      0.01,
      0.01,
      0.01,
      0.01,
      0.01
    ]
  }
}