{
  "episodios_totais": 50000,
  "configuracao": {
    "agente_x": {
      "alpha": 0.5,
      "gamma": 0.9,
      "epsilon_inicial": 1.0,
      "epsilon_final": 0.01
    },
    "agente_o": {
      "alpha": 0.5,
      "gamma": 0.9,
      "epsilon_inicial": 1.0,
      "epsilon_final": 0.01
    }
  },
  "resultados": {
    "agente_x": {
      "episodios": 50000,
      "estados_conhecidos": 2301,
      "vitorias": 4697,
      "derrotas": 2037,
      "empates": 43266,
      "taxa_vitoria": 0.09394,
      "taxa_empate": 0.86532,
      "taxa_derrota": 0.04074,
      "epsilon_atual": 0.01,
      "jogador": "X"
    },
    "agente_o": {
      "episodios": 50000,
      "estados_conhecidos": 1978,
      "vitorias": 2037,
      "derrotas": 4697,
      "empates": 43266,
      "taxa_vitoria": 0.04074,
      "taxa_empate": 0.86532,
      "taxa_derrota": 0.09394,
      "epsilon_atual": 0.01,
      "jogador": "O"
    }
  },
  "historico": {
    "vitorias_x": [
      585,
      546,
      579,
      488,
      351,
      221,
      123,
      75,
      54,
      49,
      29,
      28,
      30,
      181,
      28,
      41,
      41,
      42,
      30,
      34,
      25,
      21,
      27,
      25,
      26,
      27,
      123,
      334,
      19,
      18,
      24,
      23,
      20,
      20,
      26,
      25,
      21,
      26,
      40,
      24,
      25,
      23,
      24,
      25,
      20,
      37,
      24,
      22,
      31,
      17
    ],
    "vitorias_o": [
      282,
      324,
      264,
      247,
      161,
      101,
      71,
      27,
      29,
      25,
      19,
      8,
      10,
      12,
      10,
      13,
      11,
      20,
      17,
      23,
      18,
      9,
      3,
      9,
      11,
      17,
      11,
      16,
      15,
      12,
      7,
      10,
      16,
      15,
      15,
      12,
      13,
      18,
      12,
      15,
      3,
      6,
      19,
      9,
      14,
      13,
      10,
      13,
      13,
      9
    ],
    "empates": [
      133,
      130,
      157,
      265,
      488,
      678,
      806,
      898,
      917,
      926,
      952,
      964,
      960,
      807,
      962,
      946,
      948,
      938,
      953,
      943,
      957,
      970,
      970,
      966,
      963,
      956,
      866,
      650,
      966,
      970,
      969,
      967,
      964,
      965,
      959,
      963,
      966,
      956,
      948,
      961,
      972,
      971,
      957,
      966,
      966,
      950,
      966,
      965,
      956,
      974
    ],
    "epsilon_x": [
      0.606454822840097,
      0.3677874521460121,
      0.22304647413401948,
      0.13526760995605422,
      0.0820336944319021,
      0.04974972962361759,
      0.03017096346523357,
      0.018297326303223154,
      0.011096501781668586,
      0.01,
      0.01,
      0.01,
      0.01,
      0.01,
      0.01,
      0.01,
      0.01,
      0.01,
      0.01,
      0.01,
      0.01,
      0.01,
      0.01,
      0.01,
      0.01,
      0.01,
      0.01,
      0.01,
      0.01,
      0.01,
      0.01,
      0.01,
      0.01,
      0.01,
      0.01,
      0.01,
      0.01,
      0.01,
      0.01,
      0.01,
      0.01,
      0.01,
      0.01,
      0.01,
      0.01,
      0.01,
      0.01,
      0.01,
      0.01,
      0.01
    ],
    "epsilon_o": [
      0.606454822840097,
      0.3677874521460121,
      0.22304647413401948,
      0.13526760995605422,
      0.0820336944319021,
      0.04974972962361759,
      0.03017096346523357,
      0.018297326303223154,
      0.011096501781668586,
      0.01,
      0.01,
      0.01,
      0.01,
      0.01,
      0.01,
      0.01,
      0.01,
      0.01,
      0.01,
      0.01,
      0.01,
      0.01,
      0.01,
      0.01,
      0.01,
      0.01,
      0.01,
      0.01,
      0.01,
      0.01,
      0.01,
      0.01,
      0.01,
      0.01,
      0.01,
      0.01,
      0.01,
      0.01,
      0.01,
      0.01,
      0.01,
      0.01,
      0.01,
      0.01,
      0.01,
      0.01,
      0.01,
      0.01,
      0.01,
      0.01
    ]
  }
}