{
  "episodios_totais": 50000,
  "configuracao": {
    "agente_x": {
      "alpha": 0.5,
      "gamma": 0.9,
      "epsilon_inicial": 1.0,
      "epsilon_final": 0.01
    },
    "agente_o": {
      "alpha": 0.5,
      "gamma": 0.9,
      "epsilon_inicial": 1.0,
      "epsilon_final": 0.01
    }
  },
  "resultados": {
    "agente_x": {
      "episodios": 50000,
      "estados_conhecidos": 2309,
      "vitorias": 4222,
      "derrotas": 2029,
      "empates": 43749,
      "taxa_vitoria": 0.08444,
      "taxa_empate": 0.87498,
      "taxa_derrota": 0.04058,
      "epsilon_atual": 0.01,
      "jogador": "X"
    },
    "agente_o": {
      "episodios": 50000,
      "estados_conhecidos": 2000,
      "vitorias": 2029,
      "derrotas": 4222,
      "empates": 43749,
      "taxa_vitoria": 0.04058,
      "taxa_empate": 0.87498,
      "taxa_derrota": 0.08444,
      "epsilon_atual": 0.01,
      "jogador": "O"
    }
  },
  "historico": {
    "vitorias_x": [
      570,
      575,
      535,
      480,
      332,
      197,
      122,
      58,
      37,
      31,
      31,
      28,
      28,
      35,
      30,
      30,
      30,
      39,
      24,
      33,
      30,
      49,
      33,
      100,
      21,
      35,
      35,
      119,
      22,
      33,
      28,
      27,
      20,
      28,
      27,
      27,
      29,
      18,
      21,
      30,
      26,
      31,
      29,
      14,
      15,
      27,
      26,
      25,
      18,
      34
    ],
    "vitorias_o": [
      289,
      310,
      294,
      261,
      141,
      96,
      42,
      36,
      13,
      14,
      10,
      9,
      29,
      10,
      13,
      12,
      9,
      12,
      12,
      14,
      21,
      23,
      18,
      20,
      12,
      18,
      14,
      20,
      14,
      6,
      9,
      23,
      18,
      13,
      22,
      14,
      10,
      6,
      17,
      3,
      6,
      9,
      13,
      7,
      14,
      15,
      16,
      8,
      12,
      2
    ],
    "empates": [
      141,
      115,
      171,
      259,
      527,
      707,
      836,
      906,
      950,
      955,
      959,
      963,
      943,
      955,
      957,
      958,
      961,
      949,
      964,
      953,
      949,
      928,
      949,
      880,
      967,
      947,
      951,
      861,
      964,
      961,
      963,
      950,
      962,
      959,
      951,
      959,
      961,
      976,
      962,
      967,
      968,
      960,
      958,
      979,
      971,
      958,
      958,
      967,
      970,
      964
    ],
    "epsilon_x": [
      0.606454822840097,
      0.3677874521460121,
      0.22304647413401948,
      0.13526760995605422,
      0.0820336944319021,
      0.04974972962361759,
      0.03017096346523357,
      0.018297326303223154,
      0.011096501781668586,
      0.01,
      0.01,
      0.01,
      0.01,
      0.01,
      0.01,
      0.01,
      0.01,
      0.01,
      0.01,
      0.01,
      0.01,
      0.01,
      0.01,
      0.01,
      0.01,
      0.01,
      0.01,
      0.01,
      0.01,
      0.01,
      0.01,
      0.01,
      0.01,
      0.01,
      0.01,
      0.01,
      0.01,
      0.01,
      0.01,
      0.01,
      0.01,
      0.01,
      0.01,
      0.01,
      0.01,
      0.01,
      0.01,
      0.01,
      0.01,
      0.01
    ],
    "epsilon_o": [
      0.606454822840097,
      0.3677874521460121,
      0.22304647413401948,
      0.13526760995605422,
      0.0820336944319021,
      0.04974972962361759,
      0.03017096346523357,
      0.018297326303223154,
      0.011096501781668586,
      0.01,
      0.01,
      0.01,
      0.01,
      0.01,
      0.01,
      0.01,
      0.01,
      0.01,
      0.01,
      0.01,
      0.01,
      0.01,
      0.01,
      0.01,
      0.01,
      0.01,
      0.01,
      0.01,
      0.01,
      0.01,
      0.01,
      0.01,
      0.01,
      0.01,
      0.01,
      0.01,
      0.01,
      0.01,
      0.01,
      0.01,
      0.01,
      0.01,
      0.01,
      0.01,
      0.01,
      0.01,
      0.01,
      0.01,
      0.01,
      0.01
    ]
  }
}