{
  "episodios_totais": 100000,
  "configuracao": {
    "agente_x": {
      "alpha": 0.5,
      "gamma": 0.9,
      "epsilon_inicial": 1.0,
      "epsilon_final": 0.01
    },
    "agente_o": {
      "alpha": 0.5,
      "gamma": 0.9,
      "epsilon_inicial": 1.0,
      "epsilon_final": 0.01
    }
  },
  "resultados": {
    "agente_x": {
      "episodios": 100000,
      "estados_conhecidos": 2349,
      "vitorias": 6089,
      "derrotas": 2560,
      "empates": 91351,
      "taxa_vitoria": 0.06089,
      "taxa_empate": 0.91351,
      "taxa_derrota": 0.0256,
      "epsilon_atual": 0.01,
      "jogador": "X"
    },
    "agente_o": {
      "episodios": 100000,
      "estados_conhecidos": 2011,
      "vitorias": 2560,
      "derrotas": 6089,
      "empates": 91351,
      "taxa_vitoria": 0.0256,
      "taxa_empate": 0.91351,
      "taxa_derrota": 0.06089,
      "epsilon_atual": 0.01,
      "jogador": "O"
    }
  },
  "historico": {
    "vitorias_x": [
      609,
      590,
      549,
      514,
      311,
      238,
      96,
      73,
      40,
      35,
      31,
      32,
      26,
      31,
      23,
      29,
      33,
      36,
      35,
      37,
      31,
      25,
      40,
      36,
      25,
      28,
      39,
      34,
      26,
      26,
      123,
      121,
      73,
      502,
      25,
      35,
      23,
      28,
      19,
      27,
      33,
      22,
      21,
      25,
      22,
      34,
      32,
      22,
      23,
      33,
      33,
      22,
      21,
      22,
      28,
      31,
      32,
      34,
      28,
      20,
      33,
      21,
      19,
      21,
      16,
      21,
      26,
      29,
      23,
      22,
      18,
      26,
      26,
      16,
      30,
      18,
      21,
      19,
      17,
      25,
      30,
      22,
      23,
      30,
      24,
      29,
      24,
      21,
      22,
      17,
      19,
      22,
      20,
      24,
      25,
      24,
      19,
      21,
      15,
      19
    ],
    "vitorias_o": [
      272,
      272,
      290,
      241,
      144,
      102,
      49,
      43,
      18,
      15,
      8,
      12,
      11,
      21,
      17,
      11,
      16,
      20,
      6,
      13,
      11,
      22,
      13,
      14,
      20,
      15,
      12,
      16,
      13,
      6,
      12,
      13,
      14,
      11,
      24,
      5,
      13,
      14,
      5,
      13,
      19,
      21,
      22,
      22,
      13,
      12,
      7,
      19,
      8,
      8,
      11,
      20,
      12,
      16,
      15,
      10,
      15,
      13,
      11,
      7,
      2,
      8,
      12,
      7,
      16,
      8,
      15,
      18,
      13,
      7,
      13,
      17,
      6,
      9,
      9,
      13,
      9,
      8,
      22,
      11,
      24,
      10,
      10,
      7,
      9,
      19,
      8,
      9,
      7,
      5,
      8,
      10,
      12,
      11,
      12,
      13,
      10,
      4,
      9,
      12
    ],
    "empates": [
      119,
      138,
      161,
      245,
      545,
      660,
      855,
      884,
      942,
      950,
      961,
      956,
      963,
      948,
      960,
      960,
      951,
      944,
      959,
      950,
      958,
      953,
      947,
      950,
      955,
      957,
      949,
      950,
      961,
      968,
      865,
      866,
      913,
      487,
      951,
      960,
      964,
      958,
      976,
      960,
      948,
      957,
      957,
      953,
      965,
      954,
      961,
      959,
      969,
      959,
      956,
      958,
      967,
      962,
      957,
      959,
      953,
      953,
      961,
      973,
      965,
      971,
      969,
      972,
      968,
      971,
      959,
      953,
      964,
      971,
      969,
      957,
      968,
      975,
      961,
      969,
      970,
      973,
      961,
      964,
      946,
      968,
      967,
      963,
      967,
      952,
      968,
      970,
      971,
      978,
      973,
      968,
      968,
      965,
      963,
      963,
      971,
      975,
      976,
      969
    ],
    "epsilon_x": [
      0.606454822840097,
      0.3677874521460121,
      0.22304647413401948,
      0.13526760995605422,
      0.0820336944319021,
      0.04974972962361759,
      0.03017096346523357,
      0.018297326303223154,
      0.011096501781668586,
      0.01,
      0.01,
      0.01,
      0.01,
      0.01,
      0.01,
      0.01,
      0.01,
      0.01,
      0.01,
      0.01,
      0.01,
      0.01,
      0.01,
      0.01,
      0.01,
      0.01,
      0.01,
      0.01,
      0.01,
      0.01,
      0.01,
      0.01,
      0.01,
      0.01,
      0.01,
      0.01,
      0.01,
      0.01,
      0.01,
      0.01,
      0.01,
      0.01,
      0.01,
      0.01,
      0.01,
      0.01,
      0.01,
      0.01,
      0.01,
      0.01,
      0.01,
      0.01,
      0.01,
      0.01,
      0.01,
      0.01,
      0.01,
      0.01,
      0.01,
      0.01,
      0.01,
      0.01,
      0.01,
      0.01,
      0.01,
      0.01,
      0.01,
      0.01,
      0.01,
      0.01,
      0.01,
      0.01,
      0.01,
      0.01,
      0.01,
      0.01,
      0.01,
      0.01,
      0.01,
      0.01,
      0.01,
      0.01,
      0.01,
      0.01,
      0.01,
      0.01,
      0.01,
      0.01,
      0.01,
      0.01,
      0.01,
      0.01,
      0.01,
      0.01,
      0.01,
      0.01,
      0.01,
      0.01,
      0.01,
      0.01
    ],
    "epsilon_o": [
      0.606454822840097,
      0.3677874521460121,
      0.22304647413401948,
      0.13526760995605422,
      0.0820336944319021,
      0.04974972962361759,
      0.03017096346523357,
      0.018297326303223154,
      0.011096501781668586,
      0.01,
      0.01,
      0.01,
      0.01,
      0.01,
      0.01,
      0.01,
      0.01,
      0.01,
      0.01,
      0.01,
      0.01,
      0.01,
      0.01,
      0.01,
      0.01,
      0.01,
      0.01,
      0.01,
      0.01,
      0.01,
      0.01,
      0.01,
      0.01,
      0.01,
      0.01,
      0.01,
      0.01,
      0.01,
      0.01,
      0.01,
      0.01,
      0.01,
      0.01,
      0.01,
      0.01,
      0.01,
      0.01,
      0.01,
      0.01,
      0.01,
      0.01,
      0.01,
      0.01,
      0.01,
      0.01,
      0.01,
      0.01,
      0.01,
      0.01,
      0.01,
      0.01,
      0.01,
      0.01,
      0.01,
      0.01,
      0.01,
      0.01,
      0.01,
      0.01,
      0.01,
      0.01,
      0.01,
      0.01,
      0.01,
      0.01,
      0.01,
      0.01,
      0.01,
      0.01,
      0.01,
      0.01,
      0.01,
      0.01,
      0.01,
      0.01,
      0.01,
      0.01,
      0.01,
      0.01,
      0.01,
      0.01,
      0.01,
      0.01,
      0.01,
      0.01,
      0.01,
      0.01,
      0.01,
      0.01,
      0.01
    ]
  }
}