{
  "episodios_totais": 50000,
  "configuracao": {
    "agente_x": {
      "alpha": 0.5,
      "gamma": 0.9,
      "epsilon_inicial": 1.0,
      "epsilon_final": 0.01
    },
    "agente_o": {
      "alpha": 0.5,
      "gamma": 0.9,
      "epsilon_inicial": 1.0,
      "epsilon_final": 0.01
    }
  },
  "resultados": {
    "agente_x": {
      "episodios": 50000,
      "estados_conhecidos": 2312,
      "vitorias": 4131,
      "derrotas": 2000,
      "empates": 43869,
      "taxa_vitoria": 0.08262,
      "taxa_empate": 0.87738,
      "taxa_derrota": 0.04,
      "epsilon_atual": 0.01,
      "jogador": "X"
    },
    "agente_o": {
      "episodios": 50000,
      "estados_conhecidos": 1982,
      "vitorias": 2000,
      "derrotas": 4131,
      "empates": 43869,
      "taxa_vitoria": 0.04,
      "taxa_empate": 0.87738,
      "taxa_derrota": 0.08262,
      "epsilon_atual": 0.01,
      "jogador": "O"
    }
  },
  "historico": {
    "vitorias_x": [
      600,
      578,
      550,
      480,
      345,
      286,
      146,
      86,
      41,
      20,
      21,
      33,
      27,
      40,
      25,
      19,
      24,
      31,
      25,
      29,
      20,
      18,
      28,
      30,
      24,
      29,
      20,
      32,
      16,
      30,
      27,
      14,
      14,
      23,
      23,
      28,
      27,
      22,
      25,
      17,
      19,
      20,
      32,
      18,
      38,
      32,
      21,
      18,
      34,
      26
    ],
    "vitorias_o": [
      275,
      281,
      251,
      220,
      169,
      110,
      63,
      37,
      15,
      7,
      10,
      19,
      19,
      21,
      8,
      16,
      16,
      14,
      14,
      15,
      20,
      8,
      16,
      8,
      7,
      18,
      14,
      8,
      15,
      8,
      7,
      9,
      13,
      24,
      19,
      18,
      14,
      16,
      14,
      16,
      17,
      19,
      9,
      16,
      14,
      24,
      13,
      11,
      17,
      8
    ],
    "empates": [
      125,
      141,
      199,
      300,
      486,
      604,
      791,
      877,
      944,
      973,
      969,
      948,
      954,
      939,
      967,
      965,
      960,
      955,
      961,
      956,
      960,
      974,
      956,
      962,
      969,
      953,
      966,
      960,
      969,
      962,
      966,
      977,
      973,
      953,
      958,
      954,
      959,
      962,
      961,
      967,
      964,
      961,
      959,
      966,
      948,
      944,
      966,
      971,
      949,
      966
    ],
    "epsilon_x": [
      0.606454822840097,
      0.3677874521460121,
      0.22304647413401948,
      0.13526760995605422,
      0.0820336944319021,
      0.04974972962361759,
      0.03017096346523357,
      0.018297326303223154,
      0.011096501781668586,
      0.01,
      0.01,
      0.01,
      0.01,
      0.01,
      0.01,
      0.01,
      0.01,
      0.01,
      0.01,
      0.01,
      0.01,
      0.01,
      0.01,
      0.01,
      0.01,
      0.01,
      0.01,
      0.01,
      0.01,
      0.01,
      0.01,
      0.01,
      0.01,
      0.01,
      0.01,
      0.01,
      0.01,
      0.01,
      0.01,
      0.01,
      0.01,
      0.01,
      0.01,
      0.01,
      0.01,
      0.01,
      0.01,
      0.01,
      0.01,
      0.01
    ],
    "epsilon_o": [
      0.606454822840097,
      0.3677874521460121,
      0.22304647413401948,
      0.13526760995605422,
      0.0820336944319021,
      0.04974972962361759,
      0.03017096346523357,
      0.018297326303223154,
      0.011096501781668586,
      0.01,
      0.01,
      0.01,
      0.01,
      0.01,
      0.01,
      0.01,
      0.01,
      0.01,
      0.01,
      0.01,
      0.01,
      0.01,
      0.01,
      0.01,
      0.01,
      0.01,
      0.01,
      0.01,
      0.01,
      0.01,
      0.01,
      0.01,
      0.01,
      0.01,
      0.01,
      0.01,
      0.01,
      0.01,
      0.01,
      0.01,
      0.01,
      0.01,
      0.01,
      0.01,
      0.01,
      0.01,
      0.01,
      0.01,
      0.01,
      0.01
    ]
  }
}