{
  "episodios_totais": 50000,
  "configuracao": {
    "agente_x": {
      "alpha": 0.5,
      "gamma": 0.9,
      "epsilon_inicial": 1.0,
      "epsilon_final": 0.01
    },
    "agente_o": {
      "alpha": 0.5,
      "gamma": 0.9,
      "epsilon_inicial": 1.0,
      "epsilon_final": 0.01
    }
  },
  "resultados": {
    "agente_x": {
      "episodios": 50000,
      "estados_conhecidos": 2324,
      "vitorias": 5727,
      "derrotas": 1995,
      "empates": 42278,
      "taxa_vitoria": 0.11454,
      "taxa_empate": 0.84556,
      "taxa_derrota": 0.0399,
      "epsilon_atual": 0.01,
      "jogador": "X"
    },
    "agente_o": {
      "episodios": 50000,
      "estados_conhecidos": 1984,
      "vitorias": 1995,
      "derrotas": 5727,
      "empates": 42278,
      "taxa_vitoria": 0.0399,
      "taxa_empate": 0.84556,
      "taxa_derrota": 0.11454,
      "epsilon_atual": 0.01,
      "jogador": "O"
    }
  },
  "historico": {
    "vitorias_x": [
      581,
      550,
      546,
      457,
      336,
      223,
      161,
      75,
      25,
      26,
      44,
      24,
      30,
      37,
      31,
      14,
      30,
      28,
      23,
      32,
      26,
      200,
      557,
      747,
      283,
      29,
      14,
      35,
      23,
      26,
      24,
      25,
      27,
      22,
      32,
      22,
      30,
      17,
      33,
      23,
      25,
      24,
      17,
      27,
      23,
      28,
      42,
      24,
      26,
      23
    ],
    "vitorias_o": [
      277,
      325,
      259,
      232,
      156,
      97,
      74,
      42,
      21,
      18,
      26,
      13,
      20,
      20,
      18,
      8,
      8,
      11,
      25,
      12,
      4,
      16,
      5,
      4,
      8,
      15,
      9,
      12,
      14,
      12,
      7,
      12,
      10,
      17,
      10,
      11,
      11,
      15,
      11,
      10,
      12,
      12,
      10,
      10,
      3,
      13,
      18,
      11,
      15,
      16
    ],
    "empates": [
      142,
      125,
      195,
      311,
      508,
      680,
      765,
      883,
      954,
      956,
      930,
      963,
      950,
      943,
      951,
      978,
      962,
      961,
      952,
      956,
      970,
      784,
      438,
      249,
      709,
      956,
      977,
      953,
      963,
      962,
      969,
      963,
      963,
      961,
      958,
      967,
      959,
      968,
      956,
      967,
      963,
      964,
      973,
      963,
      974,
      959,
      940,
      965,
      959,
      961
    ],
    "epsilon_x": [
      0.606454822840097,
      0.3677874521460121,
      0.22304647413401948,
      0.13526760995605422,
      0.0820336944319021,
      0.04974972962361759,
      0.03017096346523357,
      0.018297326303223154,
      0.011096501781668586,
      0.01,
      0.01,
      0.01,
      0.01,
      0.01,
      0.01,
      0.01,
      0.01,
      0.01,
      0.01,
      0.01,
      0.01,
      0.01,
      0.01,
      0.01,
      0.01,
      0.01,
      0.01,
      0.01,
      0.01,
      0.01,
      0.01,
      0.01,
      0.01,
      0.01,
      0.01,
      0.01,
      0.01,
      0.01,
      0.01,
      0.01,
      0.01,
      0.01,
      0.01,
      0.01,
      0.01,
      0.01,
      0.01,
      0.01,
      0.01,
      0.01
    ],
    "epsilon_o": [
      0.606454822840097,
      0.3677874521460121,
      0.22304647413401948,
      0.13526760995605422,
      0.0820336944319021,
      0.04974972962361759,
      0.03017096346523357,
      0.018297326303223154,
      0.011096501781668586,
      0.01,
      0.01,
      0.01,
      0.01,
      0.01,
      0.01,
      0.01,
      0.01,
      0.01,
      0.01,
      0.01,
      0.01,
      0.01,
      0.01,
      0.01,
      0.01,
      0.01,
      0.01,
      0.01,
      0.01,
      0.01,
      0.01,
      0.01,
      0.01,
      0.01,
      0.01,
      0.01,
      0.01,
      0.01,
      0.01,
      0.01,
      0.01,
      0.01,
      0.01,
      0.01,
      0.01,
      0.01,
      0.01,
      0.01,
      0.01,
      0.01
    ]
  }
}