{
  "episodios_totais": 50000,
  "configuracao": {
    "agente_x": {
      "alpha": 0.5,
      "gamma": 0.9,
      "epsilon_inicial": 1.0,
      "epsilon_final": 0.01
    },
    "agente_o": {
      "alpha": 0.5,
      "gamma": 0.9,
      "epsilon_inicial": 1.0,
      "epsilon_final": 0.01
    }
  },
  "resultados": {
    "agente_x": {
      "episodios": 50000,
      "estados_conhecidos": 2303,
      "vitorias": 4192,
      "derrotas": 2129,
      "empates": 43679,
      "taxa_vitoria": 0.08384,
      "taxa_empate": 0.87358,
      "taxa_derrota": 0.04258,
      "epsilon_atual": 0.01,
      "jogador": "X"
    },
    "agente_o": {
      "episodios": 50000,
      "estados_conhecidos": 1976,
      "vitorias": 2129,
      "derrotas": 4192,
      "empates": 43679,
      "taxa_vitoria": 0.04258,
      "taxa_empate": 0.87358,
      "taxa_derrota": 0.08384,
      "epsilon_atual": 0.01,
      "jogador": "O"
    }
  },
  "historico": {
    "vitorias_x": [
      572,
      538,
      496,
      524,
      400,
      266,
      152,
      70,
      47,
      24,
      33,
      29,
      25,
      40,
      38,
      28,
      26,
      26,
      27,
      23,
      23,
      26,
      31,
      23,
      27,
      23,
      29,
      39,
      18,
      29,
      29,
      23,
      35,
      27,
      26,
      62,
      28,
      26,
      24,
      15,
      25,
      25,
      25,
      23,
      21,
      33,
      24,
      34,
      13,
      22
    ],
    "vitorias_o": [
      317,
      341,
      299,
      219,
      133,
      109,
      53,
      30,
      27,
      11,
      18,
      17,
      19,
      8,
      18,
      20,
      13,
      16,
      14,
      12,
      12,
      19,
      17,
      7,
      11,
      24,
      18,
      14,
      17,
      11,
      9,
      14,
      9,
      6,
      11,
      11,
      8,
      17,
      22,
      14,
      7,
      16,
      15,
      21,
      24,
      27,
      9,
      12,
      19,
      14
    ],
    "empates": [
      111,
      121,
      205,
      257,
      467,
      625,
      795,
      900,
      926,
      965,
      949,
      954,
      956,
      952,
      944,
      952,
      961,
      958,
      959,
      965,
      965,
      955,
      952,
      970,
      962,
      953,
      953,
      947,
      965,
      960,
      962,
      963,
      956,
      967,
      963,
      927,
      964,
      957,
      954,
      971,
      968,
      959,
      960,
      956,
      955,
      940,
      967,
      954,
      968,
      964
    ],
    "epsilon_x": [
      0.606454822840097,
      0.3677874521460121,
      0.22304647413401948,
      0.13526760995605422,
      0.0820336944319021,
      0.04974972962361759,
      0.03017096346523357,
      0.018297326303223154,
      0.011096501781668586,
      0.01,
      0.01,
      0.01,
      0.01,
      0.01,
      0.01,
      0.01,
      0.01,
      0.01,
      0.01,
      0.01,
      0.01,
      0.01,
      0.01,
      0.01,
      0.01,
      0.01,
      0.01,
      0.01,
      0.01,
      0.01,
      0.01,
      0.01,
      0.01,
      0.01,
      0.01,
      0.01,
      0.01,
      0.01,
      0.01,
      0.01,
      0.01,
      0.01,
      0.01,
      0.01,
      0.01,
      0.01,
      0.01,
      0.01,
      0.01,
      0.01
    ],
    "epsilon_o": [
      0.606454822840097,
      0.3677874521460121,
      0.22304647413401948,
      0.13526760995605422,
      0.0820336944319021,
      0.04974972962361759,
      0.03017096346523357,
      0.018297326303223154,
      0.011096501781668586,
      0.01,
      0.01,
      0.01,
      0.01,
      0.01,
      0.01,
      0.01,
      0.01,
      0.01,
      0.01,
      0.01,
      0.01,
      0.01,
      0.01,
      0.01,
      0.01,
      0.01,
      0.01,
      0.01,
      0.01,
      0.01,
      0.01,
      0.01,
      0.01,
      0.01,
      0.01,
      0.01,
      0.01,
      0.01,
      0.01,
      0.01,
      0.01,
      0.01,
      0.01,
      0.01,
      0.01,
      0.01,
      0.01,
      0.01,
      0.01,
      0.01
    ]
  }
}