{
  "episodios_totais": 50000,
  "configuracao": {
    "agente_x": {
      "alpha": 0.5,
      "gamma": 0.9,
      "epsilon_inicial": 1.0,
      "epsilon_final": 0.01
    },
    "agente_o": {
      "alpha": 0.5,
      "gamma": 0.9,
      "epsilon_inicial": 1.0,
      "epsilon_final": 0.01
    }
  },
  "resultados": {
    "agente_x": {
      "episodios": 50000,
      "estados_conhecidos": 2315,
      "vitorias": 4147,
      "derrotas": 1904,
      "empates": 43949,
      "taxa_vitoria": 0.08294,
      "taxa_empate": 0.87898,
      "taxa_derrota": 0.03808,
      "epsilon_atual": 0.01,
      "jogador": "X"
    },
    "agente_o": {
      "episodios": 50000,
      "estados_conhecidos": 1985,
      "vitorias": 1904,
      "derrotas": 4147,
      "empates": 43949,
      "taxa_vitoria": 0.03808,
      "taxa_empate": 0.87898,
      "taxa_derrota": 0.08294,
      "epsilon_atual": 0.01,
      "jogador": "O"
    }
  },
  "historico": {
    "vitorias_x": [
      584,
      607,
      539,
      477,
      355,
      214,
      109,
      76,
      54,
      37,
      19,
      24,
      28,
      27,
      25,
      46,
      29,
      23,
      27,
      30,
      26,
      21,
      46,
      29,
      31,
      23,
      21,
      29,
      30,
      17,
      25,
      26,
      22,
      27,
      25,
      32,
      28,
      24,
      27,
      40,
      30,
      23,
      15,
      35,
      25,
      36,
      30,
      19,
      31,
      24
    ],
    "vitorias_o": [
      282,
      281,
      274,
      241,
      146,
      94,
      63,
      45,
      21,
      12,
      14,
      16,
      9,
      9,
      3,
      18,
      12,
      17,
      10,
      10,
      9,
      17,
      13,
      3,
      7,
      8,
      12,
      11,
      14,
      6,
      17,
      16,
      11,
      6,
      14,
      6,
      7,
      18,
      9,
      14,
      10,
      4,
      21,
      11,
      8,
      13,
      16,
      6,
      9,
      11
    ],
    "empates": [
      134,
      112,
      187,
      282,
      499,
      692,
      828,
      879,
      925,
      951,
      967,
      960,
      963,
      964,
      972,
      936,
      959,
      960,
      963,
      960,
      965,
      962,
      941,
      968,
      962,
      969,
      967,
      960,
      956,
      977,
      958,
      958,
      967,
      967,
      961,
      962,
      965,
      958,
      964,
      946,
      960,
      973,
      964,
      954,
      967,
      951,
      954,
      975,
      960,
      965
    ],
    "epsilon_x": [
      0.606454822840097,
      0.3677874521460121,
      0.22304647413401948,
      0.13526760995605422,
      0.0820336944319021,
      0.04974972962361759,
      0.03017096346523357,
      0.018297326303223154,
      0.011096501781668586,
      0.01,
      0.01,
      0.01,
      0.01,
      0.01,
      0.01,
      0.01,
      0.01,
      0.01,
      0.01,
      0.01,
      0.01,
      0.01,
      0.01,
      0.01,
      0.01,
      0.01,
      0.01,
      0.01,
      0.01,
      0.01,
      0.01,
      0.01,
      0.01,
      0.01,
      0.01,
      0.01,
      0.01,
      0.01,
      0.01,
      0.01,
      0.01,
      0.01,
      0.01,
      0.01,
      0.01,
      0.01,
      0.01,
      0.01,
      0.01,
      0.01
    ],
    "epsilon_o": [
      0.606454822840097,
      0.3677874521460121,
      0.22304647413401948,
      0.13526760995605422,
      0.0820336944319021,
      0.04974972962361759,
      0.03017096346523357,
      0.018297326303223154,
      0.011096501781668586,
      0.01,
      0.01,
      0.01,
      0.01,
      0.01,
      0.01,
      0.01,
      0.01,
      0.01,
      0.01,
      0.01,
      0.01,
      0.01,
      0.01,
      0.01,
      0.01,
      0.01,
      0.01,
      0.01,
      0.01,
      0.01,
      0.01,
      0.01,
      0.01,
      0.01,
      0.01,
      0.01,
      0.01,
      0.01,
      0.01,
      0.01,
      0.01,
      0.01,
      0.01,
      0.01,
      0.01,
      0.01,
      0.01,
      0.01,
      0.01,
      0.01
    ]
  }
}