{
  "episodios_totais": 50000,
  "configuracao": {
    "agente_x": {
      "alpha": 0.5,
      "gamma": 0.9,
      "epsilon_inicial": 1.0,
      "epsilon_final": 0.01
    },
    "agente_o": {
      "alpha": 0.5,
      "gamma": 0.9,
      "epsilon_inicial": 1.0,
      "epsilon_final": 0.01
    }
  },
  "resultados": {
    "agente_x": {
      "episodios": 50000,
      "estados_conhecidos": 2304,
      "vitorias": 4149,
      "derrotas": 2038,
      "empates": 43813,
      "taxa_vitoria": 0.08298,
      "taxa_empate": 0.87626,
      "taxa_derrota": 0.04076,
      "epsilon_atual": 0.01,
      "jogador": "X"
    },
    "agente_o": {
      "episodios": 50000,
      "estados_conhecidos": 1966,
      "vitorias": 2038,
      "derrotas": 4149,
      "empates": 43813,
      "taxa_vitoria": 0.04076,
      "taxa_empate": 0.87626,
      "taxa_derrota": 0.08298,
      "epsilon_atual": 0.01,
      "jogador": "O"
    }
  },
  "historico": {
    "vitorias_x": [
      598,
      561,
      567,
      442,
      304,
      211,
      188,
      96,
      54,
      34,
      37,
      41,
      29,
      32,
      30,
      21,
      24,
      36,
      9,
      90,
      22,
      18,
      29,
      22,
      24,
      25,
      28,
      28,
      25,
      34,
      21,
      27,
      26,
      34,
      19,
      31,
      16,
      28,
      26,
      15,
      23,
      24,
      21,
      26,
      23,
      24,
      29,
      44,
      15,
      18
    ],
    "vitorias_o": [
      300,
      290,
      259,
      231,
      174,
      101,
      58,
      33,
      26,
      27,
      6,
      13,
      12,
      23,
      20,
      15,
      20,
      13,
      8,
      24,
      17,
      11,
      14,
      7,
      12,
      8,
      13,
      11,
      27,
      14,
      12,
      12,
      15,
      14,
      15,
      14,
      17,
      10,
      12,
      12,
      14,
      14,
      4,
      12,
      5,
      10,
      12,
      13,
      13,
      21
    ],
    "empates": [
      102,
      149,
      174,
      327,
      522,
      688,
      754,
      871,
      920,
      939,
      957,
      946,
      959,
      945,
      950,
      964,
      956,
      951,
      983,
      886,
      961,
      971,
      957,
      971,
      964,
      967,
      959,
      961,
      948,
      952,
      967,
      961,
      959,
      952,
      966,
      955,
      967,
      962,
      962,
      973,
      963,
      962,
      975,
      962,
      972,
      966,
      959,
      943,
      972,
      961
    ],
    "epsilon_x": [
      0.606454822840097,
      0.3677874521460121,
      0.22304647413401948,
      0.13526760995605422,
      0.0820336944319021,
      0.04974972962361759,
      0.03017096346523357,
      0.018297326303223154,
      0.011096501781668586,
      0.01,
      0.01,
      0.01,
      0.01,
      0.01,
      0.01,
      0.01,
      0.01,
      0.01,
      0.01,
      0.01,
      0.01,
      0.01,
      0.01,
      0.01,
      0.01,
      0.01,
      0.01,
      0.01,
      0.01,
      0.01,
      0.01,
      0.01,
      0.01,
      0.01,
      0.01,
      0.01,
      0.01,
      0.01,
      0.01,
      0.01,
      0.01,
      0.01,
      0.01,
      0.01,
      0.01,
      0.01,
      0.01,
      0.01,
      0.01,
      0.01
    ],
    "epsilon_o": [
      0.606454822840097,
      0.3677874521460121,
      0.22304647413401948,
      0.13526760995605422,
      0.0820336944319021,
      0.04974972962361759,
      0.03017096346523357,
      0.018297326303223154,
      0.011096501781668586,
      0.01,
      0.01,
      0.01,
      0.01,
      0.01,
      0.01,
      0.01,
      0.01,
      0.01,
      0.01,
      0.01,
      0.01,
      0.01,
      0.01,
      0.01,
      0.01,
      0.01,
      0.01,
      0.01,
      0.01,
      0.01,
      0.01,
      0.01,
      0.01,
      0.01,
      0.01,
      0.01,
      0.01,
      0.01,
      0.01,
      0.01,
      0.01,
      0.01,
      0.01,
      0.01,
      0.01,
      0.01,
      0.01,
      0.01,
      0.01,
      0.01
    ]
  }
}