{
  "episodios_totais": 50000,
  "configuracao": {
    "agente_x": {
      "alpha": 0.5,
      "gamma": 0.9,
      "epsilon_inicial": 1.0,
      "epsilon_final": 0.01
    },
    "agente_o": {
      "alpha": 0.5,
      "gamma": 0.9,
      "epsilon_inicial": 1.0,
      "epsilon_final": 0.01
    }
  },
  "resultados": {
    "agente_x": {
      "episodios": 50000,
      "estados_conhecidos": 2313,
      "vitorias": 4019,
      "derrotas": 2002,
      "empates": 43979,
      "taxa_vitoria": 0.08038,
      "taxa_empate": 0.87958,
      "taxa_derrota": 0.04004,
      "epsilon_atual": 0.01,
      "jogador": "X"
    },
    "agente_o": {
      "episodios": 50000,
      "estados_conhecidos": 1974,
      "vitorias": 2002,
      "derrotas": 4019,
      "empates": 43979,
      "taxa_vitoria": 0.04004,
      "taxa_empate": 0.87958,
      "taxa_derrota": 0.08038,
      "epsilon_atual": 0.01,
      "jogador": "O"
    }
  },
  "historico": {
    "vitorias_x": [
      577,
      578,
      519,
      435,
      379,
      237,
      127,
      90,
      32,
      18,
      32,
      26,
      22,
      26,
      35,
      19,
      25,
      34,
      31,
      33,
      41,
      34,
      15,
      31,
      26,
      23,
      20,
      35,
      29,
      25,
      22,
      18,
      19,
      31,
      21,
      24,
      21,
      27,
      21,
      26,
      17,
      35,
      30,
      26,
      24,
      25,
      13,
      22,
      23,
      20
    ],
    "vitorias_o": [
      282,
      284,
      279,
      214,
      181,
      108,
      56,
      49,
      21,
      16,
      26,
      24,
      13,
      12,
      12,
      5,
      6,
      9,
      20,
      17,
      4,
      18,
      19,
      16,
      3,
      14,
      11,
      18,
      15,
      9,
      12,
      13,
      15,
      16,
      20,
      14,
      13,
      10,
      15,
      14,
      7,
      14,
      11,
      11,
      11,
      7,
      0,
      15,
      10,
      13
    ],
    "empates": [
      141,
      138,
      202,
      351,
      440,
      655,
      817,
      861,
      947,
      966,
      942,
      950,
      965,
      962,
      953,
      976,
      969,
      957,
      949,
      950,
      955,
      948,
      966,
      953,
      971,
      963,
      969,
      947,
      956,
      966,
      966,
      969,
      966,
      953,
      959,
      962,
      966,
      963,
      964,
      960,
      976,
      951,
      959,
      963,
      965,
      968,
      987,
      963,
      967,
      967
    ],
    "epsilon_x": [
      0.606454822840097,
      0.3677874521460121,
      0.22304647413401948,
      0.13526760995605422,
      0.0820336944319021,
      0.04974972962361759,
      0.03017096346523357,
      0.018297326303223154,
      0.011096501781668586,
      0.01,
      0.01,
      0.01,
      0.01,
      0.01,
      0.01,
      0.01,
      0.01,
      0.01,
      0.01,
      0.01,
      0.01,
      0.01,
      0.01,
      0.01,
      0.01,
      0.01,
      0.01,
      0.01,
      0.01,
      0.01,
      0.01,
      0.01,
      0.01,
      0.01,
      0.01,
      0.01,
      0.01,
      0.01,
      0.01,
      0.01,
      0.01,
      0.01,
      0.01,
      0.01,
      0.01,
      0.01,
      0.01,
      0.01,
      0.01,
      0.01
    ],
    "epsilon_o": [
      0.606454822840097,
      0.3677874521460121,
      0.22304647413401948,
      0.13526760995605422,
      0.0820336944319021,
      0.04974972962361759,
      0.03017096346523357,
      0.018297326303223154,
      0.011096501781668586,
      0.01,
      0.01,
      0.01,
      0.01,
      0.01,
      0.01,
      0.01,
      0.01,
      0.01,
      0.01,
      0.01,
      0.01,
      0.01,
      0.01,
      0.01,
      0.01,
      0.01,
      0.01,
      0.01,
      0.01,
      0.01,
      0.01,
      0.01,
      0.01,
      0.01,
      0.01,
      0.01,
      0.01,
      0.01,
      0.01,
      0.01,
      0.01,
      0.01,
      0.01,
      0.01,
      0.01,
      0.01,
      0.01,
      0.01,
      0.01,
      0.01
    ]
  }
}