{
  "episodios_totais": 40000,
  "configuracao": {
    "agente_x": {
      "alpha": 0.5,
      "gamma": 0.9,
      "epsilon_inicial": 1.0,
      "epsilon_final": 0.01
    },
    "agente_o": {
      "alpha": 0.5,
      "gamma": 0.9,
      "epsilon_inicial": 1.0,
      "epsilon_final": 0.01
    }
  },
  "resultados": {
    "agente_x": {
      "episodios": 40000,
      "estados_conhecidos": 2292,
      "vitorias": 4036,
      "derrotas": 1885,
      "empates": 34079,
      "taxa_vitoria": 0.1009,
      "taxa_empate": 0.851975,
      "taxa_derrota": 0.047125,
      "epsilon_atual": 0.01,
      "jogador": "X"
    },
    "agente_o": {
      "episodios": 40000,
      "estados_conhecidos": 1975,
      "vitorias": 1885,
      "derrotas": 4036,
      "empates": 34079,
      "taxa_vitoria": 0.047125,
      "taxa_empate": 0.851975,
      "taxa_derrota": 0.1009,
      "epsilon_atual": 0.01,
      "jogador": "O"
    }
  },
  "historico": {
    "vitorias_x": [
      559,
      562,
      550,
      444,
      430,
      294,
      260,
      79,
      33,
      21,
      38,
      31,
      28,
      31,
      26,
      23,
      31,
      38,
      29,
      18,
      43,
      26,
      32,
      30,
      29,
      24,
      25,
      33,
      34,
      20,
      18,
      20,
      23,
      23,
      27,
      12,
      27,
      20,
      23,
      22
    ],
    "vitorias_o": [
      314,
      316,
      266,
      208,
      146,
      146,
      66,
      31,
      19,
      15,
      13,
      15,
      18,
      16,
      6,
      22,
      13,
      8,
      13,
      22,
      14,
      13,
      12,
      3,
      6,
      13,
      10,
      10,
      7,
      13,
      11,
      9,
      6,
      14,
      20,
      11,
      11,
      10,
      10,
      9
    ],
    "empates": [
      127,
      122,
      184,
      348,
      424,
      560,
      674,
      890,
      948,
      964,
      949,
      954,
      954,
      953,
      968,
      955,
      956,
      954,
      958,
      960,
      943,
      961,
      956,
      967,
      965,
      963,
      965,
      957,
      959,
      967,
      971,
      971,
      971,
      963,
      953,
      977,
      962,
      970,
      967,
      969
    ],
    "epsilon_x": [
      0.606454822840097,
      0.3677874521460121,
      0.22304647413401948,
      0.13526760995605422,
      0.0820336944319021,
      0.04974972962361759,
      0.03017096346523357,
      0.018297326303223154,
      0.011096501781668586,
      0.01,
      0.01,
      0.01,
      0.01,
      0.01,
      0.01,
      0.01,
      0.01,
      0.01,
      0.01,
      0.01,
      0.01,
      0.01,
      0.01,
      0.01,
      0.01,
      0.01,
      0.01,
      0.01,
      0.01,
      0.01,
      0.01,
      0.01,
      0.01,
      0.01,
      0.01,
      0.01,
      0.01,
      0.01,
      0.01,
      0.01
    ],
    "epsilon_o": [
      0.606454822840097,
      0.3677874521460121,
      0.22304647413401948,
      0.13526760995605422,
      0.0820336944319021,
      0.04974972962361759,
      0.03017096346523357,
      0.018297326303223154,
      0.011096501781668586,
      0.01,
      0.01,
      0.01,
      0.01,
      0.01,
      0.01,
      0.01,
      0.01,
      0.01,
      0.01,
      0.01,
      0.01,
      0.01,
      0.01,
      0.01,
      0.01,
      0.01,
      0.01,
      0.01,
      0.01,
      0.01,
      0.01,
      0.01,
      0.01,
      0.01,
      0.01,
      0.01,
      0.01,
      0.01,
      0.01,
      0.01
    ]
  }
}