{
  "episodios_totais": 50000,
  "configuracao": {
    "agente_x": {
      "alpha": 0.5,
      "gamma": 0.9,
      "epsilon_inicial": 1.0,
      "epsilon_final": 0.01
    },
    "agente_o": {
      "alpha": 0.5,
      "gamma": 0.9,
      "epsilon_inicial": 1.0,
      "epsilon_final": 0.01
    }
  },
  "resultados": {
    "agente_x": {
      "episodios": 50000,
      "estados_conhecidos": 2311,
      "vitorias": 4162,
      "derrotas": 2046,
      "empates": 43792,
      "taxa_vitoria": 0.08324,
      "taxa_empate": 0.87584,
      "taxa_derrota": 0.04092,
      "epsilon_atual": 0.01,
      "jogador": "X"
    },
    "agente_o": {
      "episodios": 50000,
      "estados_conhecidos": 1970,
      "vitorias": 2046,
      "derrotas": 4162,
      "empates": 43792,
      "taxa_vitoria": 0.04092,
      "taxa_empate": 0.87584,
      "taxa_derrota": 0.08324,
      "epsilon_atual": 0.01,
      "jogador": "O"
    }
  },
  "historico": {
    "vitorias_x": [
      570,
      566,
      567,
      459,
      322,
      229,
      264,
      134,
      54,
      29,
      26,
      22,
      34,
      37,
      24,
      15,
      24,
      32,
      20,
      24,
      25,
      33,
      37,
      17,
      19,
      20,
      22,
      30,
      26,
      26,
      23,
      36,
      27,
      15,
      44,
      24,
      19,
      16,
      14,
      21,
      15,
      28,
      17,
      19,
      26,
      15,
      23,
      17,
      27,
      29
    ],
    "vitorias_o": [
      279,
      299,
      265,
      240,
      171,
      109,
      70,
      36,
      24,
      8,
      16,
      19,
      25,
      29,
      6,
      9,
      9,
      16,
      17,
      16,
      16,
      15,
      22,
      14,
      18,
      16,
      20,
      12,
      19,
      14,
      10,
      12,
      18,
      10,
      5,
      6,
      7,
      22,
      15,
      9,
      5,
      17,
      15,
      11,
      9,
      16,
      4,
      10,
      8,
      8
    ],
    "empates": [
      151,
      135,
      168,
      301,
      507,
      662,
      666,
      830,
      922,
      963,
      958,
      959,
      941,
      934,
      970,
      976,
      967,
      952,
      963,
      960,
      959,
      952,
      941,
      969,
      963,
      964,
      958,
      958,
      955,
      960,
      967,
      952,
      955,
      975,
      951,
      970,
      974,
      962,
      971,
      970,
      980,
      955,
      968,
      970,
      965,
      969,
      973,
      973,
      965,
      963
    ],
    "epsilon_x": [
      0.606454822840097,
      0.3677874521460121,
      0.22304647413401948,
      0.13526760995605422,
      0.0820336944319021,
      0.04974972962361759,
      0.03017096346523357,
      0.018297326303223154,
      0.011096501781668586,
      0.01,
      0.01,
      0.01,
      0.01,
      0.01,
      0.01,
      0.01,
      0.01,
      0.01,
      0.01,
      0.01,
      0.01,
      0.01,
      0.01,
      0.01,
      0.01,
      0.01,
      0.01,
      0.01,
      0.01,
      0.01,
      0.01,
      0.01,
      0.01,
      0.01,
      0.01,
      0.01,
      0.01,
      0.01,
      0.01,
      0.01,
      0.01,
      0.01,
      0.01,
      0.01,
      0.01,
      0.01,
      0.01,
      0.01,
      0.01,
      0.01
    ],
    "epsilon_o": [
      0.606454822840097,
      0.3677874521460121,
      0.22304647413401948,
      0.13526760995605422,
      0.0820336944319021,
      0.04974972962361759,
      0.03017096346523357,
      0.018297326303223154,
      0.011096501781668586,
      0.01,
      0.01,
      0.01,
      0.01,
      0.01,
      0.01,
      0.01,
      0.01,
      0.01,
      0.01,
      0.01,
      0.01,
      0.01,
      0.01,
      0.01,
      0.01,
      0.01,
      0.01,
      0.01,
      0.01,
      0.01,
      0.01,
      0.01,
      0.01,
      0.01,
      0.01,
      0.01,
      0.01,
      0.01,
      0.01,
      0.01,
      0.01,
      0.01,
      0.01,
      0.01,
      0.01,
      0.01,
      0.01,
      0.01,
      0.01,
      0.01
    ]
  }
}