{
  "episodios_totais": 50000,
  "configuracao": {
    "agente_x": {
      "alpha": 0.5,
      "gamma": 0.9,
      "epsilon_inicial": 1.0,
      "epsilon_final": 0.01
    },
    "agente_o": {
      "alpha": 0.5,
      "gamma": 0.9,
      "epsilon_inicial": 1.0,
      "epsilon_final": 0.01
    }
  },
  "resultados": {
    "agente_x": {
      "episodios": 50000,
      "estados_conhecidos": 2311,
      "vitorias": 4177,
      "derrotas": 2055,
      "empates": 43768,
      "taxa_vitoria": 0.08354,
      "taxa_empate": 0.87536,
      "taxa_derrota": 0.0411,
      "epsilon_atual": 0.01,
      "jogador": "X"
    },
    "agente_o": {
      "episodios": 50000,
      "estados_conhecidos": 1975,
      "vitorias": 2055,
      "derrotas": 4177,
      "empates": 43768,
      "taxa_vitoria": 0.0411,
      "taxa_empate": 0.87536,
      "taxa_derrota": 0.08354,
      "epsilon_atual": 0.01,
      "jogador": "O"
    }
  },
  "historico": {
    "vitorias_x": [
      578,
      563,
      585,
      525,
      349,
      165,
      122,
      61,
      48,
      41,
      26,
      33,
      56,
      31,
      26,
      27,
      39,
      38,
      30,
      27,
      29,
      29,
      30,
      42,
      26,
      23,
      17,
      20,
      27,
      24,
      28,
      23,
      22,
      31,
      35,
      15,
      29,
      38,
      24,
      37,
      26,
      34,
      20,
      25,
      25,
      21,
      32,
      17,
      27,
      31
    ],
    "vitorias_o": [
      298,
      288,
      257,
      223,
      149,
      116,
      71,
      28,
      27,
      24,
      20,
      12,
      17,
      14,
      9,
      18,
      15,
      14,
      26,
      14,
      9,
      25,
      14,
      15,
      17,
      11,
      11,
      14,
      9,
      19,
      6,
      18,
      17,
      9,
      13,
      20,
      11,
      16,
      8,
      16,
      14,
      10,
      12,
      16,
      9,
      22,
      14,
      18,
      14,
      8
    ],
    "empates": [
      124,
      149,
      158,
      252,
      502,
      719,
      807,
      911,
      925,
      935,
      954,
      955,
      927,
      955,
      965,
      955,
      946,
      948,
      944,
      959,
      962,
      946,
      956,
      943,
      957,
      966,
      972,
      966,
      964,
      957,
      966,
      959,
      961,
      960,
      952,
      965,
      960,
      946,
      968,
      947,
      960,
      956,
      968,
      959,
      966,
      957,
      954,
      965,
      959,
      961
    ],
    "epsilon_x": [
      0.606454822840097,
      0.3677874521460121,
      0.22304647413401948,
      0.13526760995605422,
      0.0820336944319021,
      0.04974972962361759,
      0.03017096346523357,
      0.018297326303223154,
      0.011096501781668586,
      0.01,
      0.01,
      0.01,
      0.01,
      0.01,
      0.01,
      0.01,
      0.01,
      0.01,
      0.01,
      0.01,
      0.01,
      0.01,
      0.01,
      0.01,
      0.01,
      0.01,
      0.01,
      0.01,
      0.01,
      0.01,
      0.01,
      0.01,
      0.01,
      0.01,
      0.01,
      0.01,
      0.01,
      0.01,
      0.01,
      0.01,
      0.01,
      0.01,
      0.01,
      0.01,
      0.01,
      0.01,
      0.01,
      0.01,
      0.01,
      0.01
    ],
    "epsilon_o": [
      0.606454822840097,
      0.3677874521460121,
      0.22304647413401948,
      0.13526760995605422,
      0.0820336944319021,
      0.04974972962361759,
      0.03017096346523357,
      0.018297326303223154,
      0.011096501781668586,
      0.01,
      0.01,
      0.01,
      0.01,
      0.01,
      0.01,
      0.01,
      0.01,
      0.01,
      0.01,
      0.01,
      0.01,
      0.01,
      0.01,
      0.01,
      0.01,
      0.01,
      0.01,
      0.01,
      0.01,
      0.01,
      0.01,
      0.01,
      0.01,
      0.01,
      0.01,
      0.01,
      0.01,
      0.01,
      0.01,
      0.01,
      0.01,
      0.01,
      0.01,
      0.01,
      0.01,
      0.01,
      0.01,
      0.01,
      0.01,
      0.01
    ]
  }
}