{
  "episodios_totais": 50000,
  "configuracao": {
    "agente_x": {
      "alpha": 0.5,
      "gamma": 0.9,
      "epsilon_inicial": 1.0,
      "epsilon_final": 0.01
    },
    "agente_o": {
      "alpha": 0.5,
      "gamma": 0.9,
      "epsilon_inicial": 1.0,
      "epsilon_final": 0.01
    }
  },
  "resultados": {
    "agente_x": {
      "episodios": 50000,
      "estados_conhecidos": 2313,
      "vitorias": 4103,
      "derrotas": 2091,
      "empates": 43806,
      "taxa_vitoria": 0.08206,
      "taxa_empate": 0.87612,
      "taxa_derrota": 0.04182,
      "epsilon_atual": 0.01,
      "jogador": "X"
    },
    "agente_o": {
      "episodios": 50000,
      "estados_conhecidos": 1989,
      "vitorias": 2091,
      "derrotas": 4103,
      "empates": 43806,
      "taxa_vitoria": 0.04182,
      "taxa_empate": 0.87612,
      "taxa_derrota": 0.08206,
      "epsilon_atual": 0.01,
      "jogador": "O"
    }
  },
  "historico": {
    "vitorias_x": [
      566,
      589,
      506,
      448,
      330,
      259,
      163,
      61,
      45,
      32,
      22,
      22,
      29,
      38,
      26,
      27,
      37,
      20,
      21,
      15,
      16,
      33,
      30,
      41,
      31,
      25,
      29,
      18,
      25,
      24,
      33,
      31,
      23,
      25,
      27,
      31,
      29,
      23,
      14,
      31,
      27,
      30,
      35,
      27,
      27,
      29,
      34,
      43,
      29,
      27
    ],
    "vitorias_o": [
      305,
      296,
      312,
      266,
      184,
      86,
      40,
      32,
      24,
      13,
      10,
      18,
      20,
      17,
      23,
      7,
      6,
      17,
      6,
      7,
      11,
      25,
      28,
      16,
      14,
      19,
      11,
      8,
      18,
      10,
      16,
      14,
      10,
      14,
      7,
      19,
      13,
      15,
      10,
      10,
      20,
      10,
      16,
      6,
      14,
      7,
      9,
      14,
      9,
      9
    ],
    "empates": [
      129,
      115,
      182,
      286,
      486,
      655,
      797,
      907,
      931,
      955,
      968,
      960,
      951,
      945,
      951,
      966,
      957,
      963,
      973,
      978,
      973,
      942,
      942,
      943,
      955,
      956,
      960,
      974,
      957,
      966,
      951,
      955,
      967,
      961,
      966,
      950,
      958,
      962,
      976,
      959,
      953,
      960,
      949,
      967,
      959,
      964,
      957,
      943,
      962,
      964
    ],
    "epsilon_x": [
      0.606454822840097,
      0.3677874521460121,
      0.22304647413401948,
      0.13526760995605422,
      0.0820336944319021,
      0.04974972962361759,
      0.03017096346523357,
      0.018297326303223154,
      0.011096501781668586,
      0.01,
      0.01,
      0.01,
      0.01,
      0.01,
      0.01,
      0.01,
      0.01,
      0.01,
      0.01,
      0.01,
      0.01,
      0.01,
      0.01,
      0.01,
      0.01,
      0.01,
      0.01,
      0.01,
      0.01,
      0.01,
      0.01,
      0.01,
      0.01,
      0.01,
      0.01,
      0.01,
      0.01,
      0.01,
      0.01,
      0.01,
      0.01,
      0.01,
      0.01,
      0.01,
      0.01,
      0.01,
      0.01,
      0.01,
      0.01,
      0.01
    ],
    "epsilon_o": [
      0.606454822840097,
      0.3677874521460121,
      0.22304647413401948,
      0.13526760995605422,
      0.0820336944319021,
      0.04974972962361759,
      0.03017096346523357,
      0.018297326303223154,
      0.011096501781668586,
      0.01,
      0.01,
      0.01,
      0.01,
      0.01,
      0.01,
      0.01,
      0.01,
      0.01,
      0.01,
      0.01,
      0.01,
      0.01,
      0.01,
      0.01,
      0.01,
      0.01,
      0.01,
      0.01,
      0.01,
      0.01,
      0.01,
      0.01,
      0.01,
      0.01,
      0.01,
      0.01,
      0.01,
      0.01,
      0.01,
      0.01,
      0.01,
      0.01,
      0.01,
      0.01,
      0.01,
      0.01,
      0.01,
      0.01,
      0.01,
      0.01
    ]
  }
}