{
  "episodios_totais": 50000,
  "configuracao": {
    "agente_x": {
      "alpha": 0.5,
      "gamma": 0.9,
      "epsilon_inicial": 1.0,
      "epsilon_final": 0.01
    },
    "agente_o": {
      "alpha": 0.5,
      "gamma": 0.9,
      "epsilon_inicial": 1.0,
      "epsilon_final": 0.01
    }
  },
  "resultados": {
    "agente_x": {
      "episodios": 50000,
      "estados_conhecidos": 2293,
      "vitorias": 4212,
      "derrotas": 2092,
      "empates": 43696,
      "taxa_vitoria": 0.08424,
      "taxa_empate": 0.87392,
      "taxa_derrota": 0.04184,
      "epsilon_atual": 0.01,
      "jogador": "X"
    },
    "agente_o": {
      "episodios": 50000,
      "estados_conhecidos": 1951,
      "vitorias": 2092,
      "derrotas": 4212,
      "empates": 43696,
      "taxa_vitoria": 0.04184,
      "taxa_empate": 0.87392,
      "taxa_derrota": 0.08424,
      "epsilon_atual": 0.01,
      "jogador": "O"
    }
  },
  "historico": {
    "vitorias_x": [
      558,
      560,
      562,
      514,
      340,
      184,
      141,
      59,
      26,
      34,
      16,
      30,
      36,
      26,
      29,
      29,
      18,
      33,
      32,
      159,
      19,
      33,
      29,
      27,
      22,
      30,
      23,
      28,
      26,
      32,
      36,
      27,
      20,
      25,
      27,
      27,
      31,
      23,
      21,
      43,
      29,
      27,
      35,
      43,
      30,
      13,
      22,
      30,
      26,
      22
    ],
    "vitorias_o": [
      324,
      320,
      264,
      214,
      146,
      103,
      67,
      33,
      23,
      15,
      15,
      20,
      28,
      9,
      18,
      23,
      27,
      10,
      13,
      30,
      20,
      16,
      15,
      7,
      8,
      21,
      14,
      26,
      7,
      6,
      8,
      8,
      19,
      12,
      11,
      21,
      21,
      14,
      25,
      2,
      5,
      15,
      10,
      14,
      15,
      13,
      9,
      10,
      7,
      11
    ],
    "empates": [
      118,
      120,
      174,
      272,
      514,
      713,
      792,
      908,
      951,
      951,
      969,
      950,
      936,
      965,
      953,
      948,
      955,
      957,
      955,
      811,
      961,
      951,
      956,
      966,
      970,
      949,
      963,
      946,
      967,
      962,
      956,
      965,
      961,
      963,
      962,
      952,
      948,
      963,
      954,
      955,
      966,
      958,
      955,
      943,
      955,
      974,
      969,
      960,
      967,
      967
    ],
    "epsilon_x": [
      0.606454822840097,
      0.3677874521460121,
      0.22304647413401948,
      0.13526760995605422,
      0.0820336944319021,
      0.04974972962361759,
      0.03017096346523357,
      0.018297326303223154,
      0.011096501781668586,
      0.01,
      0.01,
      0.01,
      0.01,
      0.01,
      0.01,
      0.01,
      0.01,
      0.01,
      0.01,
      0.01,
      0.01,
      0.01,
      0.01,
      0.01,
      0.01,
      0.01,
      0.01,
      0.01,
      0.01,
      0.01,
      0.01,
      0.01,
      0.01,
      0.01,
      0.01,
      0.01,
      0.01,
      0.01,
      0.01,
      0.01,
      0.01,
      0.01,
      0.01,
      0.01,
      0.01,
      0.01,
      0.01,
      0.01,
      0.01,
      0.01
    ],
    "epsilon_o": [
      0.606454822840097,
      0.3677874521460121,
      0.22304647413401948,
      0.13526760995605422,
      0.0820336944319021,
      0.04974972962361759,
      0.03017096346523357,
      0.018297326303223154,
      0.011096501781668586,
      0.01,
      0.01,
      0.01,
      0.01,
      0.01,
      0.01,
      0.01,
      0.01,
      0.01,
      0.01,
      0.01,
      0.01,
      0.01,
      0.01,
      0.01,
      0.01,
      0.01,
      0.01,
      0.01,
      0.01,
      0.01,
      0.01,
      0.01,
      0.01,
      0.01,
      0.01,
      0.01,
      0.01,
      0.01,
      0.01,
      0.01,
      0.01,
      0.01,
      0.01,
      0.01,
      0.01,
      0.01,
      0.01,
      0.01,
      0.01,
      0.01
    ]
  }
}