{
  "episodios_totais": 20000,
  "configuracao": {
    "agente_x": {
      "alpha": 0.5,
      "gamma": 0.9,
      "epsilon_inicial": 1.0,
      "epsilon_final": 0.01
    },
    "agente_o": {
      "alpha": 0.5,
      "gamma": 0.9,
      "epsilon_inicial": 1.0,
      "epsilon_final": 0.01
    }
  },
  "resultados": {
    "agente_x": {
      "episodios": 20000,
      "estados_conhecidos": 2280,
      "vitorias": 5148,
      "derrotas": 1620,
      "empates": 13232,
      "taxa_vitoria": 0.2574,
      "taxa_empate": 0.6616,
      "taxa_derrota": 0.081,
      "epsilon_atual": 0.01,
      "jogador": "X"
    },
    "agente_o": {
      "episodios": 20000,
      "estados_conhecidos": 1946,
      "vitorias": 1620,
      "derrotas": 5148,
      "empates": 13232,
      "taxa_vitoria": 0.081,
      "taxa_empate": 0.6616,
      "taxa_derrota": 0.2574,
      "epsilon_atual": 0.01,
      "jogador": "O"
    }
  },
  "historico": {
    "vitorias_x": [
      577,
      548,
      563,
      522,
      353,
      192,
      109,
      137,
      52,
      60,
      45,
      42,
      24,
      27,
      676,
      303,
      723,
      51,
      36,
      108
    ],
    "vitorias_o": [
      291,
      327,
      280,
      242,
      135,
      88,
      59,
      17,
      27,
      13,
      7,
      15,
      15,
      20,
      6,
      12,
      4,
      19,
      27,
      16
    ],
    "empates": [
      132,
      125,
      157,
      236,
      512,
      720,
      832,
      846,
      921,
      927,
      948,
      943,
      961,
      953,
      318,
      685,
      273,
      930,
      937,
      876
    ],
    "epsilon_x": [
      0.606454822840097,
      0.3677874521460121,
      0.22304647413401948,
      0.13526760995605422,
      0.0820336944319021,
      0.04974972962361759,
      0.03017096346523357,
      0.018297326303223154,
      0.011096501781668586,
      0.01,
      0.01,
      0.01,
      0.01,
      0.01,
      0.01,
      0.01,
      0.01,
      0.01,
      0.01,
      0.01
    ],
    "epsilon_o": [
      0.606454822840097,
      0.3677874521460121,
      0.22304647413401948,
      0.13526760995605422,
      0.0820336944319021,
      0.04974972962361759,
      0.03017096346523357,
      0.018297326303223154,
      0.011096501781668586,
      0.01,
      0.01,
      0.01,
      0.01,
      0.01,
      0.01,
      0.01,
      0.01,
      0.01,
      0.01,
      0.01
    ]
  }
}