{
  "episodios_totais": 50000,
  "configuracao": {
    "agente_x": {
      "alpha": 0.5,
      "gamma": 0.9,
      "epsilon_inicial": 1.0,
      "epsilon_final": 0.01
    },
    "agente_o": {
      "alpha": 0.5,
      "gamma": 0.9,
      "epsilon_inicial": 1.0,
      "epsilon_final": 0.01
    }
  },
  "resultados": {
    "agente_x": {
      "episodios": 50000,
      "estados_conhecidos": 2311,
      "vitorias": 4632,
      "derrotas": 2031,
      "empates": 43337,
      "taxa_vitoria": 0.09264,
      "taxa_empate": 0.86674,
      "taxa_derrota": 0.04062,
      "epsilon_atual": 0.01,
      "jogador": "X"
    },
    "agente_o": {
      "episodios": 50000,
      "estados_conhecidos": 1991,
      "vitorias": 2031,
      "derrotas": 4632,
      "empates": 43337,
      "taxa_vitoria": 0.04062,
      "taxa_empate": 0.86674,
      "taxa_derrota": 0.09264,
      "epsilon_atual": 0.01,
      "jogador": "O"
    }
  },
  "historico": {
    "vitorias_x": [
      571,
      551,
      559,
      530,
      437,
      495,
      170,
      88,
      39,
      26,
      28,
      30,
      43,
      30,
      22,
      37,
      86,
      34,
      41,
      26,
      28,
      23,
      23,
      30,
      21,
      36,
      28,
      39,
      37,
      22,
      27,
      33,
      38,
      26,
      18,
      17,
      31,
      18,
      17,
      23,
      30,
      31,
      25,
      29,
      22,
      22,
      26,
      24,
      21,
      24
    ],
    "vitorias_o": [
      295,
      302,
      281,
      231,
      157,
      87,
      75,
      54,
      28,
      28,
      10,
      10,
      13,
      1,
      14,
      4,
      7,
      11,
      15,
      14,
      11,
      10,
      10,
      21,
      17,
      16,
      23,
      17,
      13,
      12,
      8,
      11,
      14,
      15,
      12,
      12,
      12,
      17,
      9,
      17,
      9,
      23,
      6,
      10,
      17,
      15,
      8,
      8,
      9,
      12
    ],
    "empates": [
      134,
      147,
      160,
      239,
      406,
      418,
      755,
      858,
      933,
      946,
      962,
      960,
      944,
      969,
      964,
      959,
      907,
      955,
      944,
      960,
      961,
      967,
      967,
      949,
      962,
      948,
      949,
      944,
      950,
      966,
      965,
      956,
      948,
      959,
      970,
      971,
      957,
      965,
      974,
      960,
      961,
      946,
      969,
      961,
      961,
      963,
      966,
      968,
      970,
      964
    ],
    "epsilon_x": [
      0.606454822840097,
      0.3677874521460121,
      0.22304647413401948,
      0.13526760995605422,
      0.0820336944319021,
      0.04974972962361759,
      0.03017096346523357,
      0.018297326303223154,
      0.011096501781668586,
      0.01,
      0.01,
      0.01,
      0.01,
      0.01,
      0.01,
      0.01,
      0.01,
      0.01,
      0.01,
      0.01,
      0.01,
      0.01,
      0.01,
      0.01,
      0.01,
      0.01,
      0.01,
      0.01,
      0.01,
      0.01,
      0.01,
      0.01,
      0.01,
      0.01,
      0.01,
      0.01,
      0.01,
      0.01,
      0.01,
      0.01,
      0.01,
      0.01,
      0.01,
      0.01,
      0.01,
      0.01,
      0.01,
      0.01,
      0.01,
      0.01
    ],
    "epsilon_o": [
      0.606454822840097,
      0.3677874521460121,
      0.22304647413401948,
      0.13526760995605422,
      0.0820336944319021,
      0.04974972962361759,
      0.03017096346523357,
      0.018297326303223154,
      0.011096501781668586,
      0.01,
      0.01,
      0.01,
      0.01,
      0.01,
      0.01,
      0.01,
      0.01,
      0.01,
      0.01,
      0.01,
      0.01,
      0.01,
      0.01,
      0.01,
      0.01,
      0.01,
      0.01,
      0.01,
      0.01,
      0.01,
      0.01,
      0.01,
      0.01,
      0.01,
      0.01,
      0.01,
      0.01,
      0.01,
      0.01,
      0.01,
      0.01,
      0.01,
      0.01,
      0.01,
      0.01,
      0.01,
      0.01,
      0.01,
      0.01,
      0.01
    ]
  }
}