{
  "episodios_totais": 2000,
  "configuracao": {
    "agente_x": {
      "alpha": 0.5,
      "gamma": 0.9,
      "epsilon_inicial": 1.0,
      "epsilon_final": 0.3677874521460121
    },
    "agente_o": {
      "alpha": 0.5,
      "gamma": 0.9,
      "epsilon_inicial": 1.0,
      "epsilon_final": 0.3677874521460121
    }
  },
  "resultados": {
    "agente_x": {
      "episodios": 2000,
      "estados_conhecidos": 1906,
      "vitorias": 1168,
      "derrotas": 585,
      "empates": 247,
      "taxa_vitoria": 0.584,
      "taxa_empate": 0.1235,
      "taxa_derrota": 0.2925,
      "epsilon_atual": 0.3677874521460121,
      "jogador": "X"
    },
    "agente_o": {
      "episodios": 2000,
      "estados_conhecidos": 1653,
      "vitorias": 585,
      "derrotas": 1168,
      "empates": 247,
      "taxa_vitoria": 0.2925,
      "taxa_empate": 0.1235,
      "taxa_derrota": 0.584,
      "epsilon_atual": 0.3677874521460121,
      "jogador": "O"
    }
  },
  "historico": {
    "vitorias_x": [
      590,
      578
    ],
    "vitorias_o": [
      280,
      305
    ],
    "empates": [
      130,
      117
    ],
    "epsilon_x": [
      0.606454822840097,
      0.3677874521460121
    ],
    "epsilon_o": [
      0.606454822840097,
      0.3677874521460121
    ]
  }
}