{
  "episodios_totais": 50000,
  "configuracao": {
    "agente_x": {
      "alpha": 0.5,
      "gamma": 0.9,
      "epsilon_inicial": 1.0,
      "epsilon_final": 0.01
    },
    "agente_o": {
      "alpha": 0.5,
      "gamma": 0.9,
      "epsilon_inicial": 1.0,
      "epsilon_final": 0.01
    }
  },
  "resultados": {
    "agente_x": {
      "episodios": 50000,
      "estados_conhecidos": 2335,
      "vitorias": 4193,
      "derrotas": 1979,
      "empates": 43828,
      "taxa_vitoria": 0.08386,
      "taxa_empate": 0.87656,
      "taxa_derrota": 0.03958,
      "epsilon_atual": 0.01,
      "jogador": "X"
    },
    "agente_o": {
      "episodios": 50000,
      "estados_conhecidos": 1994,
      "vitorias": 1979,
      "derrotas": 4193,
      "empates": 43828,
      "taxa_vitoria": 0.03958,
      "taxa_empate": 0.87656,
      "taxa_derrota": 0.08386,
      "epsilon_atual": 0.01,
      "jogador": "O"
    }
  },
  "historico": {
    "vitorias_x": [
      604,
      588,
      525,
      482,
      362,
      191,
      141,
      91,
      51,
      39,
      29,
      45,
      22,
      29,
      18,
      21,
      16,
      37,
      19,
      36,
      31,
      35,
      24,
      27,
      29,
      43,
      25,
      36,
      27,
      30,
      23,
      35,
      37,
      33,
      38,
      16,
      22,
      27,
      25,
      28,
      21,
      12,
      30,
      36,
      38,
      36,
      22,
      18,
      25,
      18
    ],
    "vitorias_o": [
      283,
      271,
      300,
      226,
      171,
      98,
      69,
      41,
      21,
      17,
      14,
      22,
      17,
      16,
      9,
      9,
      20,
      23,
      7,
      10,
      5,
      11,
      18,
      13,
      12,
      7,
      12,
      22,
      9,
      3,
      13,
      13,
      19,
      4,
      14,
      12,
      13,
      7,
      15,
      7,
      9,
      4,
      11,
      16,
      12,
      10,
      11,
      17,
      4,
      12
    ],
    "empates": [
      113,
      141,
      175,
      292,
      467,
      711,
      790,
      868,
      928,
      944,
      957,
      933,
      961,
      955,
      973,
      970,
      964,
      940,
      974,
      954,
      964,
      954,
      958,
      960,
      959,
      950,
      963,
      942,
      964,
      967,
      964,
      952,
      944,
      963,
      948,
      972,
      965,
      966,
      960,
      965,
      970,
      984,
      959,
      948,
      950,
      954,
      967,
      965,
      971,
      970
    ],
    "epsilon_x": [
      0.606454822840097,
      0.3677874521460121,
      0.22304647413401948,
      0.13526760995605422,
      0.0820336944319021,
      0.04974972962361759,
      0.03017096346523357,
      0.018297326303223154,
      0.011096501781668586,
      0.01,
      0.01,
      0.01,
      0.01,
      0.01,
      0.01,
      0.01,
      0.01,
      0.01,
      0.01,
      0.01,
      0.01,
      0.01,
      0.01,
      0.01,
      0.01,
      0.01,
      0.01,
      0.01,
      0.01,
      0.01,
      0.01,
      0.01,
      0.01,
      0.01,
      0.01,
      0.01,
      0.01,
      0.01,
      0.01,
      0.01,
      0.01,
      0.01,
      0.01,
      0.01,
      0.01,
      0.01,
      0.01,
      0.01,
      0.01,
      0.01
    ],
    "epsilon_o": [
      0.606454822840097,
      0.3677874521460121,
      0.22304647413401948,
      0.13526760995605422,
      0.0820336944319021,
      0.04974972962361759,
      0.03017096346523357,
      0.018297326303223154,
      0.011096501781668586,
      0.01,
      0.01,
      0.01,
      0.01,
      0.01,
      0.01,
      0.01,
      0.01,
      0.01,
      0.01,
      0.01,
      0.01,
      0.01,
      0.01,
      0.01,
      0.01,
      0.01,
      0.01,
      0.01,
      0.01,
      0.01,
      0.01,
      0.01,
      0.01,
      0.01,
      0.01,
      0.01,
      0.01,
      0.01,
      0.01,
      0.01,
      0.01,
      0.01,
      0.01,
      0.01,
      0.01,
      0.01,
      0.01,
      0.01,
      0.01,
      0.01
    ]
  }
}