{
  "episodios_totais": 50000,
  "configuracao": {
    "agente_x": {
      "alpha": 0.5,
      "gamma": 0.9,
      "epsilon_inicial": 1.0,
      "epsilon_final": 0.01
    },
    "agente_o": {
      "alpha": 0.5,
      "gamma": 0.9,
      "epsilon_inicial": 1.0,
      "epsilon_final": 0.01
    }
  },
  "resultados": {
    "agente_x": {
      "episodios": 50000,
      "estados_conhecidos": 2313,
      "vitorias": 4115,
      "derrotas": 2037,
      "empates": 43848,
      "taxa_vitoria": 0.0823,
      "taxa_empate": 0.87696,
      "taxa_derrota": 0.04074,
      "epsilon_atual": 0.01,
      "jogador": "X"
    },
    "agente_o": {
      "episodios": 50000,
      "estados_conhecidos": 1972,
      "vitorias": 2037,
      "derrotas": 4115,
      "empates": 43848,
      "taxa_vitoria": 0.04074,
      "taxa_empate": 0.87696,
      "taxa_derrota": 0.0823,
      "epsilon_atual": 0.01,
      "jogador": "O"
    }
  },
  "historico": {
    "vitorias_x": [
      574,
      523,
      549,
      454,
      350,
      261,
      127,
      74,
      60,
      18,
      30,
      28,
      31,
      25,
      37,
      21,
      46,
      34,
      51,
      37,
      31,
      28,
      28,
      28,
      32,
      25,
      34,
      20,
      14,
      25,
      24,
      31,
      22,
      30,
      30,
      26,
      21,
      30,
      26,
      20,
      20,
      31,
      35,
      29,
      34,
      36,
      15,
      13,
      17,
      30
    ],
    "vitorias_o": [
      292,
      326,
      295,
      217,
      185,
      66,
      59,
      27,
      20,
      21,
      15,
      20,
      7,
      12,
      8,
      18,
      33,
      9,
      11,
      4,
      18,
      12,
      8,
      13,
      14,
      15,
      25,
      15,
      16,
      14,
      21,
      17,
      12,
      9,
      11,
      11,
      7,
      10,
      12,
      12,
      11,
      11,
      12,
      7,
      15,
      14,
      6,
      23,
      13,
      8
    ],
    "empates": [
      134,
      151,
      156,
      329,
      465,
      673,
      814,
      899,
      920,
      961,
      955,
      952,
      962,
      963,
      955,
      961,
      921,
      957,
      938,
      959,
      951,
      960,
      964,
      959,
      954,
      960,
      941,
      965,
      970,
      961,
      955,
      952,
      966,
      961,
      959,
      963,
      972,
      960,
      962,
      968,
      969,
      958,
      953,
      964,
      951,
      950,
      979,
      964,
      970,
      962
    ],
    "epsilon_x": [
      0.606454822840097,
      0.3677874521460121,
      0.22304647413401948,
      0.13526760995605422,
      0.0820336944319021,
      0.04974972962361759,
      0.03017096346523357,
      0.018297326303223154,
      0.011096501781668586,
      0.01,
      0.01,
      0.01,
      0.01,
      0.01,
      0.01,
      0.01,
      0.01,
      0.01,
      0.01,
      0.01,
      0.01,
      0.01,
      0.01,
      0.01,
      0.01,
      0.01,
      0.01,
      0.01,
      0.01,
      0.01,
      0.01,
      0.01,
      0.01,
      0.01,
      0.01,
      0.01,
      0.01,
      0.01,
      0.01,
      0.01,
      0.01,
      0.01,
      0.01,
      0.01,
      0.01,
      0.01,
      0.01,
      0.01,
      0.01,
      0.01
    ],
    "epsilon_o": [
      0.606454822840097,
      0.3677874521460121,
      0.22304647413401948,
      0.13526760995605422,
      0.0820336944319021,
      0.04974972962361759,
      0.03017096346523357,
      0.018297326303223154,
      0.011096501781668586,
      0.01,
      0.01,
      0.01,
      0.01,
      0.01,
      0.01,
      0.01,
      0.01,
      0.01,
      0.01,
      0.01,
      0.01,
      0.01,
      0.01,
      0.01,
      0.01,
      0.01,
      0.01,
      0.01,
      0.01,
      0.01,
      0.01,
      0.01,
      0.01,
      0.01,
      0.01,
      0.01,
      0.01,
      0.01,
      0.01,
      0.01,
      0.01,
      0.01,
      0.01,
      0.01,
      0.01,
      0.01,
      0.01,
      0.01,
      0.01,
      0.01
    ]
  }
}