{
  "episodios_totais": 30000,
  "configuracao": {
    "agente_x": {
      "alpha": 0.5,
      "gamma": 0.9,
      "epsilon_inicial": 1.0,
      "epsilon_final": 0.01
    },
    "agente_o": {
      "alpha": 0.5,
      "gamma": 0.9,
      "epsilon_inicial": 1.0,
      "epsilon_final": 0.01
    }
  },
  "resultados": {
    "agente_x": {
      "episodios": 30000,
      "estados_conhecidos": 2304,
      "vitorias": 4032,
      "derrotas": 1827,
      "empates": 24141,
      "taxa_vitoria": 0.1344,
      "taxa_empate": 0.8047,
      "taxa_derrota": 0.0609,
      "epsilon_atual": 0.01,
      "jogador": "X"
    },
    "agente_o": {
      "episodios": 30000,
      "estados_conhecidos": 1987,
      "vitorias": 1827,
      "derrotas": 4032,
      "empates": 24141,
      "taxa_vitoria": 0.0609,
      "taxa_empate": 0.8047,
      "taxa_derrota": 0.1344,
      "epsilon_atual": 0.01,
      "jogador": "O"
    }
  },
  "historico": {
    "vitorias_x": [
      577,
      561,
      528,
      462,
      331,
      228,
      168,
      88,
      69,
      88,
      24,
      255,
      20,
      35,
      28,
      42,
      32,
      114,
      35,
      24,
      21,
      69,
      34,
      31,
      21,
      32,
      26,
      30,
      33,
      26
    ],
    "vitorias_o": [
      314,
      300,
      282,
      228,
      160,
      107,
      60,
      50,
      15,
      21,
      10,
      9,
      8,
      17,
      27,
      12,
      20,
      14,
      19,
      16,
      14,
      18,
      11,
      16,
      16,
      11,
      13,
      16,
      9,
      14
    ],
    "empates": [
      109,
      139,
      190,
      310,
      509,
      665,
      772,
      862,
      916,
      891,
      966,
      736,
      972,
      948,
      945,
      946,
      948,
      872,
      946,
      960,
      965,
      913,
      955,
      953,
      963,
      957,
      961,
      954,
      958,
      960
    ],
    "epsilon_x": [
      0.606454822840097,
      0.3677874521460121,
      0.22304647413401948,
      0.13526760995605422,
      0.0820336944319021,
      0.04974972962361759,
      0.03017096346523357,
      0.018297326303223154,
      0.011096501781668586,
      0.01,
      0.01,
      0.01,
      0.01,
      0.01,
      0.01,
      0.01,
      0.01,
      0.01,
      0.01,
      0.01,
      0.01,
      0.01,
      0.01,
      0.01,
      0.01,
      0.01,
      0.01,
      0.01,
      0.01,
      0.01
    ],
    "epsilon_o": [
      0.606454822840097,
      0.3677874521460121,
      0.22304647413401948,
      0.13526760995605422,
      0.0820336944319021,
      0.04974972962361759,
      0.03017096346523357,
      0.018297326303223154,
      0.011096501781668586,
      0.01,
      0.01,
      0.01,
      0.01,
      0.01,
      0.01,
      0.01,
      0.01,
      0.01,
      0.01,
      0.01,
      0.01,
      0.01,
      0.01,
      0.01,
      0.01,
      0.01,
      0.01,
      0.01,
      0.01,
      0.01
    ]
  }
}