{
  "episodios_totais": 50000,
  "configuracao": {
    "agente_x": {
      "alpha": 0.5,
      "gamma": 0.9,
      "epsilon_inicial": 1.0,
      "epsilon_final": 0.01
    },
    "agente_o": {
      "alpha": 0.5,
      "gamma": 0.9,
      "epsilon_inicial": 1.0,
      "epsilon_final": 0.01
    }
  },
  "resultados": {
    "agente_x": {
      "episodios": 50000,
      "estados_conhecidos": 2310,
      "vitorias": 4318,
      "derrotas": 1989,
      "empates": 43693,
      "taxa_vitoria": 0.08636,
      "taxa_empate": 0.87386,
      "taxa_derrota": 0.03978,
      "epsilon_atual": 0.01,
      "jogador": "X"
    },
    "agente_o": {
      "episodios": 50000,
      "estados_conhecidos": 1991,
      "vitorias": 1989,
      "derrotas": 4318,
      "empates": 43693,
      "taxa_vitoria": 0.03978,
      "taxa_empate": 0.87386,
      "taxa_derrota": 0.08636,
      "epsilon_atual": 0.01,
      "jogador": "O"
    }
  },
  "historico": {
    "vitorias_x": [
      560,
      559,
      548,
      525,
      345,
      247,
      142,
      87,
      53,
      22,
      28,
      50,
      32,
      32,
      30,
      30,
      21,
      28,
      20,
      26,
      25,
      26,
      32,
      172,
      18,
      30,
      23,
      21,
      30,
      28,
      42,
      24,
      33,
      33,
      20,
      33,
      22,
      25,
      29,
      29,
      23,
      27,
      18,
      21,
      23,
      19,
      30,
      21,
      25,
      31
    ],
    "vitorias_o": [
      309,
      299,
      272,
      212,
      145,
      106,
      72,
      47,
      37,
      18,
      22,
      18,
      21,
      7,
      7,
      17,
      7,
      14,
      21,
      15,
      1,
      14,
      9,
      16,
      8,
      10,
      9,
      14,
      10,
      17,
      6,
      10,
      12,
      16,
      8,
      15,
      5,
      9,
      12,
      9,
      17,
      11,
      9,
      9,
      17,
      13,
      4,
      8,
      10,
      15
    ],
    "empates": [
      131,
      142,
      180,
      263,
      510,
      647,
      786,
      866,
      910,
      960,
      950,
      932,
      947,
      961,
      963,
      953,
      972,
      958,
      959,
      959,
      974,
      960,
      959,
      812,
      974,
      960,
      968,
      965,
      960,
      955,
      952,
      966,
      955,
      951,
      972,
      952,
      973,
      966,
      959,
      962,
      960,
      962,
      973,
      970,
      960,
      968,
      966,
      971,
      965,
      954
    ],
    "epsilon_x": [
      0.606454822840097,
      0.3677874521460121,
      0.22304647413401948,
      0.13526760995605422,
      0.0820336944319021,
      0.04974972962361759,
      0.03017096346523357,
      0.018297326303223154,
      0.011096501781668586,
      0.01,
      0.01,
      0.01,
      0.01,
      0.01,
      0.01,
      0.01,
      0.01,
      0.01,
      0.01,
      0.01,
      0.01,
      0.01,
      0.01,
      0.01,
      0.01,
      0.01,
      0.01,
      0.01,
      0.01,
      0.01,
      0.01,
      0.01,
      0.01,
      0.01,
      0.01,
      0.01,
      0.01,
      0.01,
      0.01,
      0.01,
      0.01,
      0.01,
      0.01,
      0.01,
      0.01,
      0.01,
      0.01,
      0.01,
      0.01,
      0.01
    ],
    "epsilon_o": [
      0.606454822840097,
      0.3677874521460121,
      0.22304647413401948,
      0.13526760995605422,
      0.0820336944319021,
      0.04974972962361759,
      0.03017096346523357,
      0.018297326303223154,
      0.011096501781668586,
      0.01,
      0.01,
      0.01,
      0.01,
      0.01,
      0.01,
      0.01,
      0.01,
      0.01,
      0.01,
      0.01,
      0.01,
      0.01,
      0.01,
      0.01,
      0.01,
      0.01,
      0.01,
      0.01,
      0.01,
      0.01,
      0.01,
      0.01,
      0.01,
      0.01,
      0.01,
      0.01,
      0.01,
      0.01,
      0.01,
      0.01,
      0.01,
      0.01,
      0.01,
      0.01,
      0.01,
      0.01,
      0.01,
      0.01,
      0.01,
      0.01
    ]
  }
}