{
  "episodios_totais": 2000,
  "configuracao": {
    "agente_x": {
      "alpha": 0.5,
      "gamma": 0.9,
      "epsilon_inicial": 1.0,
      "epsilon_final": 0.3677874521460121
    },
    "agente_o": {
      "alpha": 0.5,
      "gamma": 0.9,
      "epsilon_inicial": 1.0,
      "epsilon_final": 0.3677874521460121
    }
  },
  "resultados": {
    "agente_x": {
      "episodios": 2000,
      "estados_conhecidos": 1832,
      "vitorias": 1172,
      "derrotas": 590,
      "empates": 238,
      "taxa_vitoria": 0.586,
      "taxa_empate": 0.119,
      "taxa_derrota": 0.295,
      "epsilon_atual": 0.3677874521460121,
      "jogador": "X"
    },
    "agente_o": {
      "episodios": 2000,
      "estados_conhecidos": 1592,
      "vitorias": 590,
      "derrotas": 1172,
      "empates": 238,
      "taxa_vitoria": 0.295,
      "taxa_empate": 0.119,
      "taxa_derrota": 0.586,
      "epsilon_atual": 0.3677874521460121,
      "jogador": "O"
    }
  },
  "historico": {
    "vitorias_x": [
      607,
      565
    ],
    "vitorias_o": [
      280,
      310
    ],
    "empates": [
      113,
      125
    ],
    "epsilon_x": [
      0.606454822840097,
      0.3677874521460121
    ],
    "epsilon_o": [
      0.606454822840097,
      0.3677874521460121
    ]
  }
}